date,email,cash/card,no of Item ,Book 1,Book 2,Book 3,Book 4,Book 5,Book 6
2018-08-11,ocohan0@ning.com,CARD,1,1A;2,,,,,
2018-03-14,rgiacovetti1@over-blog.com,CASH,1,1A;2,,,,,
2018-06-16,kgrigoroni2@cyberchimps.com,CASH,3,1308045A;2,1B;1,1A;2,,,
2018-05-07,lcarmody3@mapy.cz,CARD,1,1A;2,,,,,
2018-05-21,rbettleson4@cdbaby.com,CASH,6,AX;1,1308045B;1,1A;2,1B;1,1B;1,1308045B;1
2018-11-19,rkenealy5@wiley.com,CASH,5,1B;1,AZ;2,1A;2,AX;1,1308045A;2,
2018-04-11,grabier6@umn.edu,CASH,3,AX;1,AZ;2,1308045A;2,,,
2018-02-25,cpersicke7@blogtalkradio.com,CASH,6,AZ;2,AZ;2,1308045A;2,AZ;2,1308045A;2,AX;1
2018-01-09,wlowes8@spotify.com,CARD,6,AX;1,1308045A;2,1308045A;2,1308045A;2,1B;1,AZ;2
2018-01-08,mrattry9@blogtalkradio.com,CARD,6,1308045A;2,1308045A;2,AX;1,1308045A;2,1B;1,1308045B;1
2018-09-19,fmayorala@creativecommons.org,CARD,2,1B;1,AX;1,,,,
2018-06-05,rturneyb@lycos.com,CASH,1,1A;2,,,,,
2018-10-11,bgiraldoc@naver.com,CASH,6,1B;1,AZ;2,1B;1,1B;1,1A;2,1B;1
2017-12-29,cebbittd@google.de,CARD,3,1308045A;2,1308045B;1,1308045B;1,,,
2018-03-12,smograe@skyrock.com,CASH,4,AX;1,1308045B;1,1A;2,1308045A;2,,
2018-06-25,clowlesf@census.gov,CASH,4,1B;1,1308045B;1,AX;1,1308045B;1,,
2017-12-19,dmattersong@scientificamerican.com,CARD,6,1A;2,1308045A;2,1308045B;1,1B;1,AZ;2,1308045B;1
2018-06-10,hlangdonh@gmpg.org,CASH,6,1A;2,1B;1,1B;1,1308045B;1,AX;1,AX;1
2018-12-16,rstadeni@goodreads.com,CASH,6,1A;2,1308045A;2,AZ;2,AX;1,AX;1,1A;2
2018-05-06,acringlej@constantcontact.com,CASH,3,AZ;2,1B;1,1308045A;2,,,
2018-01-17,kcoshamk@nhs.uk,CARD,2,1B;1,AZ;2,,,,
2018-05-28,ebarensenl@omniture.com,CASH,4,1B;1,1B;1,AX;1,AZ;2,,
2018-02-25,bdreghornm@seesaa.net,CASH,1,1A;2,,,,,
2018-09-22,hcordeaun@list-manage.com,CARD,1,1A;2,,,,,
2018-10-27,rbronoto@sina.com.cn,CASH,3,AX;1,1308045A;2,AX;1,,,
2018-01-08,ecuncliffep@ebay.co.uk,CARD,5,AX;1,AX;1,1308045A;2,AX;1,1308045B;1,
2018-04-12,seslerq@archive.org,CARD,1,1A;2,,,,,
2017-12-30,ncathenodr@bing.com,CARD,1,1A;2,,,,,
2018-05-11,bclemows@patch.com,CARD,5,1A;2,1A;2,1308045A;2,AX;1,1308045B;1,
2018-11-30,hbernardt@surveymonkey.com,CASH,3,1308045B;1,1A;2,1A;2,,,
2018-02-04,rroughu@wsj.com,CASH,2,1B;1,AZ;2,,,,
2018-05-28,rtadmanv@gnu.org,CARD,1,1A;2,,,,,
2018-11-15,jclaussonw@fc2.com,CARD,6,1308045A;2,1308045B;1,1A;2,1308045A;2,1308045B;1,AZ;2
2018-10-26,gpeviex@i2i.jp,CASH,5,1B;1,AX;1,AX;1,1308045A;2,1B;1,
2018-04-14,cmoberleyy@hibu.com,CARD,1,1A;2,,,,,
2018-05-01,rgwatkinsz@godaddy.com,CASH,1,1A;2,,,,,
2018-01-19,cdonaghie10@narod.ru,CASH,1,1A;2,,,,,
2018-05-04,bwindross11@discuz.net,CASH,2,1B;1,AX;1,,,,
2018-09-24,gladon12@taobao.com,CASH,1,1A;2,,,,,
2018-07-19,wculbard13@netvibes.com,CARD,5,AZ;2,AZ;2,1B;1,1308045A;2,1308045A;2,
2018-06-21,hparke14@hhs.gov,CARD,6,AZ;2,AX;1,1308045A;2,AX;1,1308045A;2,AZ;2
2018-06-25,estancliffe15@ca.gov,CASH,3,1308045A;2,AX;1,1308045A;2,,,
2018-01-13,jzorer16@ycombinator.com,CARD,1,1A;2,,,,,
2018-06-16,odebney17@dagondesign.com,CASH,1,1A;2,,,,,
2018-10-13,lseyfart18@examiner.com,CASH,5,1308045A;2,1308045B;1,AZ;2,1308045A;2,1308045A;2,
2018-07-20,gstoppe19@webnode.com,CARD,6,AZ;2,1A;2,1308045A;2,AX;1,1308045A;2,1B;1
2018-10-02,mkennett1a@accuweather.com,CARD,4,1A;2,1308045B;1,1A;2,1B;1,,
2018-05-15,hjob1b@tripadvisor.com,CARD,3,1A;2,1A;2,AX;1,,,
2018-07-26,wlamplugh1c@answers.com,CASH,3,1B;1,1A;2,AZ;2,,,
2018-02-16,rwrintmore1d@cnn.com,CASH,6,AX;1,1308045A;2,1308045B;1,AX;1,AX;1,1A;2
2018-10-13,aleband1e@surveymonkey.com,CARD,3,AZ;2,AZ;2,AZ;2,,,
2018-07-08,scottham1f@dagondesign.com,CASH,4,AZ;2,AX;1,AZ;2,1B;1,,
2018-03-15,sremnant1g@merriam-webster.com,CASH,5,AZ;2,1308045A;2,AX;1,AZ;2,AZ;2,
2018-08-14,aream1h@discuz.net,CASH,1,1A;2,,,,,
2018-08-15,cvasentsov1i@1und1.de,CASH,3,1308045B;1,AZ;2,1B;1,,,
2018-02-11,pleaning1j@youtube.com,CARD,4,1308045A;2,1308045A;2,1308045A;2,AZ;2,,
2018-11-19,abreward1k@networksolutions.com,CARD,5,1B;1,AX;1,1B;1,AX;1,AZ;2,
2018-07-31,sdegoey1l@sourceforge.net,CASH,6,1B;1,1B;1,1B;1,1A;2,1A;2,1B;1
2018-09-21,ddoumerc1m@va.gov,CASH,1,1A;2,,,,,
2018-01-23,nelsey1n@google.pl,CASH,6,1308045B;1,1A;2,1A;2,1B;1,1308045A;2,AX;1
2018-10-07,rwemm1o@umn.edu,CASH,3,1308045B;1,1308045A;2,1308045A;2,,,
2018-01-26,aselby1p@webeden.co.uk,CARD,6,1308045B;1,1308045A;2,1308045B;1,1B;1,1308045B;1,1308045A;2
2018-04-28,khaley1q@histats.com,CARD,1,1A;2,,,,,
2018-02-22,tyoutead1r@theguardian.com,CARD,5,1308045A;2,AZ;2,AZ;2,1A;2,1308045A;2,
2018-11-02,sschnitter1s@qq.com,CARD,5,AX;1,AX;1,1B;1,1308045A;2,AX;1,
2018-10-23,cberrisford1t@tinyurl.com,CASH,6,AX;1,1308045A;2,1308045A;2,AX;1,AX;1,1A;2
2018-04-28,wparish1u@cmu.edu,CASH,2,1B;1,AX;1,,,,
2018-09-03,agillooly1v@shareasale.com,CASH,5,1A;2,AZ;2,1B;1,1308045B;1,AZ;2,
2018-01-25,ptumielli1w@uol.com.br,CARD,4,1B;1,AZ;2,AZ;2,AX;1,,
2018-03-11,mwithey1x@msn.com,CARD,5,AZ;2,1308045B;1,1308045A;2,1308045A;2,1B;1,
2018-10-25,cbrockhouse1y@xinhuanet.com,CASH,3,1A;2,AZ;2,1A;2,,,
2018-09-02,nlapides1z@fda.gov,CASH,4,1A;2,1308045A;2,AZ;2,1B;1,,
2018-11-17,pperel20@salon.com,CASH,5,AZ;2,1308045B;1,AZ;2,AZ;2,AX;1,
2018-02-22,fingree21@youku.com,CARD,4,1A;2,1A;2,AZ;2,AZ;2,,
2018-10-06,bsliney22@multiply.com,CARD,6,AX;1,AX;1,1A;2,1308045A;2,1308045A;2,AZ;2
2018-01-03,abirkin23@mlb.com,CARD,6,AZ;2,1308045B;1,1308045A;2,AX;1,AZ;2,1308045B;1
2018-08-09,tmelley24@imgur.com,CARD,3,1A;2,AX;1,AZ;2,,,
2018-03-28,dgwillym25@com.com,CASH,2,1B;1,1B;1,,,,
2018-01-20,zeglese26@wikia.com,CASH,1,1A;2,,,,,
2018-04-09,knazer27@yahoo.co.jp,CASH,2,1A;2,1308045B;1,,,,
2018-12-12,zgilleson28@cocolog-nifty.com,CASH,3,1308045B;1,1308045A;2,1308045B;1,,,
2018-01-17,astrase29@tamu.edu,CASH,2,1A;2,1308045A;2,,,,
2018-09-29,jruger2a@creativecommons.org,CARD,3,1A;2,AZ;2,1308045A;2,,,
2018-04-29,bholdron2b@prlog.org,CASH,2,1A;2,1308045A;2,,,,
2018-04-11,tbrewer2c@cyberchimps.com,CASH,2,1A;2,AZ;2,,,,
2018-06-06,akytley2d@engadget.com,CARD,4,1308045A;2,1B;1,AZ;2,1B;1,,
2018-09-05,rbollis2e@umich.edu,CARD,5,1308045B;1,AX;1,1A;2,AZ;2,1308045B;1,
2018-08-15,aorrett2f@princeton.edu,CARD,6,1308045B;1,AZ;2,1B;1,AZ;2,1A;2,1308045B;1
2018-11-24,bwetton2g@hubpages.com,CARD,3,1B;1,AZ;2,AZ;2,,,
2018-04-07,fwilloughley2h@businessinsider.com,CASH,2,1A;2,AX;1,,,,
2018-12-11,fcianelli2i@taobao.com,CASH,4,1308045A;2,1A;2,1308045B;1,1308045B;1,,
2017-12-28,alitherborough2j@gizmodo.com,CARD,1,1A;2,,,,,
2018-07-16,spruvost2k@npr.org,CASH,5,1308045A;2,AZ;2,AX;1,AX;1,1308045B;1,
2018-02-27,anason2l@freewebs.com,CARD,5,1B;1,1308045B;1,1308045A;2,1A;2,1308045B;1,
2018-02-10,rhanhardt2m@blinklist.com,CARD,3,AX;1,1A;2,1B;1,,,
2018-12-14,ajedrzejewicz2n@npr.org,CASH,3,1308045B;1,1308045A;2,1B;1,,,
2018-02-23,mwoollons2o@jiathis.com,CARD,5,1A;2,1A;2,1308045B;1,1308045B;1,1A;2,
2018-08-25,gbriscow2p@accuweather.com,CARD,1,1A;2,,,,,
2018-09-05,tautin2q@ning.com,CARD,5,1308045A;2,1308045A;2,AZ;2,AZ;2,1A;2,
2018-07-25,jklima2r@xrea.com,CASH,3,AZ;2,AX;1,AZ;2,,,
2018-04-27,mdelaspee2s@amazon.co.uk,CASH,5,1308045B;1,AX;1,1308045B;1,AX;1,AX;1,
2018-09-19,wsprankling2t@google.com.au,CASH,4,1B;1,1A;2,1A;2,1308045A;2,,
2018-07-16,gstebbings2u@salon.com,CASH,4,1B;1,1308045B;1,AZ;2,1B;1,,
2018-07-03,abucke2v@cargocollective.com,CARD,2,1B;1,AX;1,,,,
2018-09-19,wpurvis2w@china.com.cn,CASH,5,1B;1,AX;1,1B;1,1308045B;1,AX;1,
2018-07-31,gmcdermid2x@live.com,CARD,3,AZ;2,1A;2,1308045A;2,,,
2018-07-13,erozea2y@ustream.tv,CASH,5,AZ;2,1B;1,1A;2,1308045A;2,1A;2,
2018-07-18,bniese2z@myspace.com,CARD,6,AX;1,1308045A;2,AX;1,1B;1,1308045B;1,AX;1
2018-02-07,rperazzo30@live.com,CASH,4,1308045B;1,AZ;2,1308045A;2,1308045A;2,,
2018-04-18,bfyldes31@dropbox.com,CASH,6,1B;1,1B;1,1A;2,1308045A;2,1A;2,1B;1
2018-11-23,thacquel32@nytimes.com,CASH,4,1308045B;1,1308045B;1,AX;1,1A;2,,
2018-04-15,alarkcum33@blogtalkradio.com,CARD,3,1308045A;2,AX;1,1308045A;2,,,
2018-08-21,fclemenzi34@rediff.com,CARD,4,AX;1,AZ;2,1308045A;2,1A;2,,
2018-11-22,mdory35@intel.com,CARD,6,AX;1,1308045B;1,AZ;2,1308045A;2,1B;1,1B;1
2018-09-29,sbaxandall36@amazonaws.com,CARD,4,AX;1,AZ;2,1B;1,AZ;2,,
2018-09-09,ugrosvenor37@homestead.com,CARD,3,1A;2,AX;1,1308045A;2,,,
2018-07-05,hbonnar38@businesswire.com,CASH,5,AX;1,1B;1,AZ;2,1B;1,AX;1,
2018-07-10,othiolier39@github.io,CARD,5,1A;2,1B;1,1308045B;1,AX;1,1308045B;1,
2018-06-10,estening3a@statcounter.com,CASH,1,1A;2,,,,,
2018-08-26,aairds3b@yale.edu,CASH,1,1A;2,,,,,
2018-01-12,bchalliner3c@mapy.cz,CARD,3,AX;1,1B;1,1B;1,,,
2018-02-05,fjeeves3d@tumblr.com,CASH,6,1308045B;1,AZ;2,1B;1,1B;1,1B;1,1308045A;2
2018-02-08,paasaf3e@ox.ac.uk,CASH,2,1B;1,1308045B;1,,,,
2018-06-13,nmccaw3f@nbcnews.com,CASH,3,1308045B;1,1A;2,AX;1,,,
2018-09-19,hfirby3g@foxnews.com,CASH,5,1A;2,1308045A;2,AZ;2,1B;1,AX;1,
2018-04-10,epermain3h@earthlink.net,CASH,2,1B;1,AZ;2,,,,
2018-03-09,stille3i@blogs.com,CASH,5,1B;1,1B;1,AX;1,1308045A;2,AZ;2,
2018-11-09,nkreber3j@narod.ru,CARD,4,AX;1,1B;1,1308045B;1,1B;1,,
2018-02-23,dgoodayle3k@wp.com,CASH,1,1A;2,,,,,
2018-04-05,claslett3l@deliciousdays.com,CASH,2,1A;2,1308045A;2,,,,
2018-11-22,lpetrozzi3m@redcross.org,CASH,4,AX;1,1B;1,1308045B;1,1308045A;2,,
2018-08-01,ekirkwood3n@gmpg.org,CASH,2,1A;2,1A;2,,,,
2018-04-30,llessmare3o@yolasite.com,CASH,6,1A;2,AX;1,1308045A;2,1B;1,1308045B;1,AZ;2
2018-04-10,lwhitsun3p@sphinn.com,CASH,6,1308045A;2,1B;1,AZ;2,AX;1,1A;2,1308045A;2
2018-06-14,mivatts3q@tamu.edu,CASH,2,1B;1,1308045B;1,,,,
2018-10-11,mgoadby3r@howstuffworks.com,CARD,1,1A;2,,,,,
2018-09-26,apetrescu3s@cdc.gov,CARD,2,1B;1,1A;2,,,,
2018-12-15,mmosedall3t@deviantart.com,CARD,6,1308045B;1,AZ;2,1308045A;2,1A;2,AX;1,1308045B;1
2018-01-02,dmibourne3u@hatena.ne.jp,CARD,5,1308045B;1,AX;1,1308045A;2,1308045A;2,1308045B;1,
2018-06-26,bstaines3v@wikia.com,CASH,6,AZ;2,1308045A;2,1B;1,AZ;2,1B;1,1308045A;2
2018-01-24,dnegro3w@bigcartel.com,CASH,5,1308045A;2,1A;2,1B;1,1308045A;2,1308045B;1,
2018-04-24,vwaymont3x@51.la,CARD,1,1A;2,,,,,
2018-01-10,smillgate3y@bloglines.com,CASH,5,1308045B;1,1B;1,1308045B;1,1308045A;2,1B;1,
2018-06-23,dwinterbourne3z@statcounter.com,CARD,4,1308045A;2,1B;1,AX;1,AX;1,,
2018-06-10,akitson40@earthlink.net,CARD,3,1308045B;1,AX;1,AZ;2,,,
2018-11-28,apendlington41@si.edu,CASH,5,1B;1,AZ;2,AX;1,1308045B;1,AZ;2,
2018-03-31,bdaykin42@nps.gov,CASH,2,1B;1,AZ;2,,,,
2018-03-21,mmelarkey43@163.com,CARD,1,1A;2,,,,,
2017-12-19,gfischer44@netlog.com,CASH,1,1A;2,,,,,
2018-02-27,dternent45@unblog.fr,CARD,6,1308045A;2,AX;1,1308045B;1,1A;2,1308045B;1,AZ;2
2018-01-10,dkobieriecki46@seesaa.net,CARD,5,1A;2,1308045B;1,AX;1,1A;2,1308045B;1,
2018-02-28,dkytley47@stumbleupon.com,CARD,1,1A;2,,,,,
2018-10-18,ppoundsford48@purevolume.com,CASH,4,1A;2,1308045B;1,1308045A;2,1308045A;2,,
2018-04-17,mcamoletto49@sina.com.cn,CASH,3,AX;1,1B;1,1A;2,,,
2018-07-03,pdongles4a@devhub.com,CARD,3,1308045B;1,AZ;2,AX;1,,,
2018-06-24,haronow4b@delicious.com,CARD,3,1B;1,1308045A;2,1A;2,,,
2018-05-22,shawksley4c@bloglines.com,CASH,4,1308045B;1,1308045A;2,1B;1,1308045A;2,,
2018-06-17,mtoye4d@gravatar.com,CARD,1,1A;2,,,,,
2018-08-11,fchicchetto4e@ocn.ne.jp,CARD,6,1308045B;1,AZ;2,1B;1,1308045B;1,1308045A;2,1308045B;1
2018-11-01,gcordes4f@marriott.com,CARD,5,AX;1,1308045A;2,1A;2,1308045B;1,AX;1,
2018-03-02,gsunshine4g@1688.com,CASH,1,1A;2,,,,,
2018-05-05,welizabeth4h@yahoo.co.jp,CARD,4,1A;2,AZ;2,1308045A;2,AZ;2,,
2018-02-16,sgoodale4i@java.com,CARD,1,1A;2,,,,,
2018-07-10,tcurson4j@constantcontact.com,CARD,2,1A;2,1308045A;2,,,,
2018-11-12,tagnew4k@vimeo.com,CARD,3,1B;1,AX;1,1308045A;2,,,
2018-09-19,gcromwell4l@tmall.com,CARD,1,1A;2,,,,,
2018-07-21,mguidone4m@theglobeandmail.com,CARD,5,AX;1,AZ;2,1308045B;1,1B;1,1A;2,
2018-12-03,iabthorpe4n@foxnews.com,CASH,6,1A;2,AZ;2,1A;2,1B;1,1B;1,1B;1
2018-07-25,htregunnah4o@hostgator.com,CASH,1,1A;2,,,,,
2018-12-13,tpole4p@flickr.com,CASH,1,1A;2,,,,,
2018-03-28,lglamart4q@w3.org,CARD,5,1A;2,AX;1,1B;1,1308045B;1,1308045B;1,
2018-08-03,bnewsome4r@examiner.com,CASH,2,1A;2,1308045B;1,,,,
2018-08-15,jboswell4s@smh.com.au,CASH,4,1B;1,1308045A;2,AX;1,1308045A;2,,
2018-11-01,jbengough4t@mit.edu,CASH,1,1A;2,,,,,
2018-01-11,mvatcher4u@cbsnews.com,CASH,1,1A;2,,,,,
2018-05-27,slabon4v@about.me,CASH,3,1A;2,1308045B;1,AZ;2,,,
2018-04-25,bbrownlea4w@theglobeandmail.com,CARD,4,1A;2,1B;1,1308045B;1,1308045B;1,,
2018-12-03,dbatchelder4x@photobucket.com,CASH,5,AX;1,1B;1,AZ;2,AX;1,1308045A;2,
2018-01-22,vlongbottom4y@symantec.com,CARD,3,1308045B;1,AX;1,1A;2,,,
2018-08-25,ieltringham4z@earthlink.net,CASH,4,AZ;2,1A;2,1B;1,AZ;2,,
2018-08-22,moughton50@nasa.gov,CARD,1,1A;2,,,,,
2018-01-24,mcolpus51@a8.net,CASH,6,AZ;2,AX;1,AX;1,1308045A;2,1308045B;1,1308045B;1
2018-08-02,ldawidowicz52@buzzfeed.com,CARD,4,AX;1,1308045B;1,AZ;2,1A;2,,
2018-04-11,ptuttiett53@admin.ch,CASH,6,1A;2,1B;1,1B;1,AX;1,1A;2,1B;1
2018-11-02,jgillino54@cmu.edu,CASH,5,1308045B;1,1B;1,1B;1,1308045B;1,AX;1,
2018-03-23,jlebarr55@japanpost.jp,CARD,5,AZ;2,1A;2,1B;1,1A;2,AX;1,
2018-02-18,mpettus56@baidu.com,CASH,2,1B;1,AZ;2,,,,
2018-01-22,kneave57@loc.gov,CASH,4,1B;1,1A;2,1A;2,1308045B;1,,
2018-07-23,jchattey58@japanpost.jp,CARD,5,AZ;2,AX;1,AX;1,1A;2,AX;1,
2018-11-08,pthorwarth59@sitemeter.com,CARD,6,1B;1,1308045A;2,1A;2,AX;1,AX;1,AX;1
2018-09-08,jbaytrop5a@furl.net,CASH,1,1A;2,,,,,
2018-01-31,dghiroldi5b@mashable.com,CASH,6,1B;1,1308045B;1,1B;1,1308045B;1,1A;2,1B;1
2017-12-20,eparlour5c@cnbc.com,CARD,5,AZ;2,AZ;2,1A;2,1B;1,AX;1,
2018-07-23,lgreenaway5d@toplist.cz,CARD,3,1308045A;2,AX;1,1308045B;1,,,
2018-10-22,dhoultham5e@blogger.com,CASH,5,AZ;2,1308045B;1,1308045B;1,AX;1,1A;2,
2018-10-18,tsugar5f@dedecms.com,CASH,1,1A;2,,,,,
2018-12-12,poels5g@domainmarket.com,CASH,1,1A;2,,,,,
2018-11-21,nflori5h@nasa.gov,CARD,3,AZ;2,1B;1,AZ;2,,,
2018-05-06,kjacobowits5i@utexas.edu,CARD,6,1308045A;2,1B;1,1A;2,1308045A;2,AX;1,1A;2
2018-05-20,hwilstead5j@slate.com,CARD,3,1A;2,AX;1,AZ;2,,,
2018-03-02,aalpes5k@example.com,CASH,4,AZ;2,1308045A;2,AX;1,1B;1,,
2018-04-01,hledger5l@time.com,CASH,6,1A;2,1308045B;1,1B;1,1308045B;1,AX;1,1308045B;1
2018-03-07,bpesticcio5m@sbwire.com,CASH,2,1A;2,1308045A;2,,,,
2018-05-17,gwytchard5n@globo.com,CASH,4,1A;2,1B;1,AZ;2,1308045A;2,,
2018-12-12,ugribbell5o@g.co,CASH,1,1A;2,,,,,
2018-10-11,wjull5p@abc.net.au,CARD,5,1308045B;1,1308045B;1,AZ;2,AX;1,1308045B;1,
2018-03-13,gstronack5q@dropbox.com,CARD,4,1A;2,1A;2,AZ;2,1308045B;1,,
2018-11-02,arigglesford5r@ihg.com,CASH,2,1A;2,AX;1,,,,
2018-10-18,cwilley5s@wikispaces.com,CASH,1,1A;2,,,,,
2018-01-10,llasham5t@123-reg.co.uk,CASH,6,1308045A;2,1A;2,AZ;2,1308045B;1,1B;1,1B;1
2018-09-01,tnowlan5u@columbia.edu,CARD,5,1308045A;2,1B;1,1308045A;2,AX;1,1A;2,
2018-09-04,nfife5v@japanpost.jp,CASH,4,AZ;2,1308045B;1,1308045B;1,AZ;2,,
2018-08-26,ademougeot5w@nps.gov,CASH,2,1A;2,AX;1,,,,
2018-08-22,emcginny5x@imageshack.us,CARD,2,1A;2,1B;1,,,,
2018-01-07,tsweetenham5y@tinyurl.com,CASH,6,1308045A;2,1308045A;2,1308045B;1,AX;1,1308045B;1,1A;2
2018-11-26,fjorg5z@1688.com,CARD,4,1B;1,1308045B;1,AZ;2,AZ;2,,
2018-11-23,anatwick60@businesswire.com,CASH,2,1B;1,AZ;2,,,,
2018-05-21,tharse61@shareasale.com,CASH,1,1A;2,,,,,
2018-12-16,marstall62@chronoengine.com,CARD,5,1308045B;1,1308045A;2,1308045A;2,1B;1,AX;1,
2018-11-03,dlafford63@liveinternet.ru,CARD,3,1308045A;2,1B;1,1308045A;2,,,
2018-11-29,dpassey64@people.com.cn,CASH,2,1B;1,1B;1,,,,
2018-12-04,dpetrushanko65@altervista.org,CARD,2,1B;1,AZ;2,,,,
2018-11-21,xscholfield66@livejournal.com,CARD,3,1B;1,AZ;2,AX;1,,,
2018-11-27,jvauter67@joomla.org,CASH,1,1A;2,,,,,
2018-01-10,zlandeg68@sciencedaily.com,CARD,1,1A;2,,,,,
2018-03-31,ewoolveridge69@multiply.com,CARD,3,1308045B;1,1308045A;2,AX;1,,,
2018-02-18,ipeerless6a@independent.co.uk,CARD,1,1A;2,,,,,
2018-08-17,kmcphail6b@wiley.com,CASH,3,1308045A;2,1A;2,AX;1,,,
2018-01-10,dsigert6c@nyu.edu,CASH,6,AZ;2,1B;1,1308045B;1,1A;2,1A;2,AX;1
2018-04-29,mtillerton6d@ft.com,CARD,4,1308045A;2,1A;2,1308045A;2,1308045B;1,,
2018-06-14,akitchinghan6e@about.com,CARD,1,1A;2,,,,,
2018-03-31,nmcdyer6f@example.com,CASH,2,1B;1,1308045A;2,,,,
2018-01-03,btoppas6g@creativecommons.org,CASH,6,AX;1,1B;1,1A;2,1B;1,1B;1,1308045A;2
2018-05-14,ajapp6h@surveymonkey.com,CASH,1,1A;2,,,,,
2018-11-07,snason6i@prweb.com,CASH,5,1B;1,AX;1,1308045B;1,1308045B;1,AX;1,
2018-01-20,dpeat6j@nymag.com,CARD,1,1A;2,,,,,
2018-07-17,mtench6k@cam.ac.uk,CARD,1,1A;2,,,,,
2018-11-02,gbraime6l@hubpages.com,CASH,5,AZ;2,1308045B;1,AX;1,1308045A;2,1A;2,
2018-08-17,nlilleman6m@amazon.com,CASH,3,1308045A;2,1308045B;1,1308045B;1,,,
2018-11-16,ehenryson6n@msu.edu,CASH,5,1308045B;1,1308045A;2,AX;1,1A;2,AZ;2,
2018-10-21,cacock6o@nifty.com,CARD,6,1B;1,1A;2,1A;2,1B;1,1A;2,1308045B;1
2018-02-06,lpoundsford6p@unc.edu,CARD,3,AZ;2,1A;2,AZ;2,,,
2018-06-28,lprimett6q@so-net.ne.jp,CASH,1,1A;2,,,,,
2018-01-08,ijandac6r@sakura.ne.jp,CARD,5,AZ;2,1308045A;2,1308045A;2,1308045A;2,1B;1,
2018-08-18,schastanet6s@yahoo.co.jp,CASH,2,1B;1,AX;1,,,,
2018-02-27,ftilberry6t@etsy.com,CARD,5,1A;2,1308045A;2,1A;2,AX;1,1308045B;1,
2018-04-27,afackrell6u@taobao.com,CARD,1,1A;2,,,,,
2018-04-28,ddarleston6v@canalblog.com,CASH,4,AZ;2,1A;2,1B;1,1308045A;2,,
2018-01-05,ssemon6w@bigcartel.com,CASH,3,1308045A;2,AX;1,1308045B;1,,,
2018-04-02,rmassimi6x@addtoany.com,CASH,6,AZ;2,1B;1,1308045A;2,1A;2,AX;1,AX;1
2018-12-15,kblaby6y@drupal.org,CASH,6,AX;1,1B;1,1308045B;1,1308045A;2,AZ;2,1308045A;2
2018-09-16,tlammerts6z@google.fr,CASH,6,1308045A;2,1B;1,AX;1,1308045A;2,AX;1,1A;2
2018-04-15,sbeardsall70@webnode.com,CARD,3,AZ;2,1B;1,AX;1,,,
2018-03-12,covershott71@reference.com,CASH,5,AX;1,1A;2,AX;1,1308045A;2,AZ;2,
2018-05-11,ldanaher72@ibm.com,CARD,5,1308045B;1,AZ;2,1308045A;2,AX;1,AZ;2,
2018-01-19,knannizzi73@senate.gov,CASH,4,1A;2,1308045B;1,1B;1,AX;1,,
2018-03-07,msimonel74@mediafire.com,CARD,4,1308045B;1,AX;1,AX;1,AX;1,,
2018-05-17,wteligin75@newsvine.com,CARD,5,1308045B;1,1308045A;2,1308045A;2,1308045B;1,1308045A;2,
2018-07-20,dpilling76@wikipedia.org,CARD,1,1A;2,,,,,
2018-09-11,adraye77@blogs.com,CASH,3,AZ;2,1308045B;1,AZ;2,,,
2018-01-23,toxenden78@cloudflare.com,CARD,5,AZ;2,1B;1,AX;1,1308045B;1,1A;2,
2018-02-25,hczyz79@wp.com,CASH,5,1B;1,AX;1,1308045A;2,AX;1,1308045A;2,
2018-03-20,cperl7a@google.cn,CASH,3,AZ;2,1308045A;2,1B;1,,,
2018-09-21,jesplin7b@1und1.de,CARD,4,AX;1,1308045A;2,AX;1,1308045B;1,,
2018-11-24,caldcorne7c@soundcloud.com,CASH,3,1A;2,1B;1,1308045A;2,,,
2018-09-27,kbusch7d@behance.net,CARD,3,1B;1,AX;1,AX;1,,,
2018-03-17,nsaunder7e@webeden.co.uk,CASH,6,1A;2,1308045B;1,1308045B;1,1308045B;1,1308045A;2,1B;1
2018-01-08,mjahnke7f@live.com,CARD,4,1308045A;2,AZ;2,1308045B;1,1B;1,,
2018-06-16,asarjant7g@google.com.au,CASH,6,AX;1,AZ;2,1308045B;1,1B;1,AZ;2,1A;2
2018-01-25,lwolford7h@nature.com,CASH,1,1A;2,,,,,
2018-09-11,jbelford7i@wikia.com,CARD,3,AX;1,1308045A;2,1308045A;2,,,
2018-06-02,mdahler7j@artisteer.com,CASH,3,1308045B;1,1B;1,1308045B;1,,,
2018-08-24,tmartinetto7k@networkadvertising.org,CARD,3,1B;1,1B;1,1308045B;1,,,
2018-01-11,bcuffin7l@etsy.com,CARD,1,1A;2,,,,,
2018-02-09,riles7m@ed.gov,CARD,4,1308045A;2,AZ;2,AX;1,AZ;2,,
2018-04-23,alummis7n@phpbb.com,CASH,2,1A;2,1B;1,,,,
2018-03-04,mdoswell7o@china.com.cn,CARD,1,1A;2,,,,,
2018-05-16,rgee7p@dyndns.org,CASH,4,1B;1,1308045A;2,1B;1,AX;1,,
2018-08-06,rwicken7q@joomla.org,CASH,3,1308045B;1,1308045B;1,1B;1,,,
2018-05-30,mteck7r@fema.gov,CASH,1,1A;2,,,,,
2018-06-04,cmorot7s@fema.gov,CARD,4,1308045A;2,AX;1,1B;1,1A;2,,
2018-06-03,celsley7t@cisco.com,CARD,5,1308045B;1,1A;2,1308045B;1,AZ;2,1308045A;2,
2018-01-07,zroycroft7u@geocities.com,CARD,4,AZ;2,1B;1,AZ;2,1A;2,,
2018-12-07,gfairbard7v@sitemeter.com,CARD,1,1A;2,,,,,
2018-03-26,agini7w@pbs.org,CARD,3,1A;2,1308045B;1,1B;1,,,
2018-02-17,lohingerty7x@webs.com,CASH,2,1B;1,AX;1,,,,
2018-09-04,ngirogetti7y@technorati.com,CASH,6,AZ;2,1B;1,1308045B;1,1308045A;2,1308045B;1,AZ;2
2018-06-19,lryding7z@twitpic.com,CARD,6,AZ;2,1308045B;1,AZ;2,1A;2,1B;1,1308045A;2
2018-01-18,abrizland80@topsy.com,CASH,3,1308045A;2,1308045B;1,1A;2,,,
2018-09-28,slys81@123-reg.co.uk,CARD,3,AZ;2,1308045A;2,AZ;2,,,
2017-12-30,sbrevitt82@istockphoto.com,CASH,5,1A;2,1B;1,1A;2,1308045A;2,AZ;2,
2018-02-25,kyele83@webnode.com,CASH,3,1B;1,AX;1,1B;1,,,
2018-04-03,tfeatherstone84@guardian.co.uk,CASH,6,1308045A;2,1308045A;2,1A;2,1308045A;2,AZ;2,1308045B;1
2018-10-12,kbeever85@prweb.com,CARD,2,1B;1,1308045B;1,,,,
2018-01-12,epaten86@alibaba.com,CASH,3,AZ;2,1308045B;1,AZ;2,,,
2018-02-03,fkalker87@google.com.au,CASH,2,1A;2,1308045A;2,,,,
2018-08-08,sgillmore88@springer.com,CARD,6,1308045B;1,1308045B;1,1A;2,1308045B;1,AX;1,1B;1
2018-04-23,opleager89@disqus.com,CASH,2,1A;2,AZ;2,,,,
2018-01-24,asimmons8a@reuters.com,CASH,2,1A;2,AX;1,,,,
2018-06-04,bcossor8b@harvard.edu,CASH,5,AX;1,1308045A;2,AX;1,1308045B;1,1B;1,
2018-01-29,kscapens8c@bizjournals.com,CARD,5,1308045A;2,1A;2,1B;1,1A;2,1308045B;1,
2018-02-12,lbrockbank8d@blogger.com,CARD,5,AX;1,1A;2,1A;2,1308045A;2,AX;1,
2018-05-04,dgilbard8e@earthlink.net,CARD,5,1308045A;2,1308045A;2,AZ;2,1B;1,AZ;2,
2018-04-14,xmicklem8f@wikispaces.com,CASH,6,AZ;2,1A;2,1B;1,1A;2,AZ;2,AX;1
2018-06-29,bhuband8g@vimeo.com,CARD,1,1A;2,,,,,
2018-07-24,aklimentyev8h@sourceforge.net,CASH,3,1B;1,1A;2,1308045A;2,,,
2018-09-03,etudge8i@google.co.uk,CASH,2,1B;1,1308045B;1,,,,
2018-11-21,ttremolieres8j@mapquest.com,CASH,1,1A;2,,,,,
2018-06-01,fguyot8k@baidu.com,CASH,4,1B;1,AZ;2,1308045B;1,1308045A;2,,
2018-04-15,bwillstrop8l@liveinternet.ru,CASH,2,1A;2,1A;2,,,,
2018-03-03,eburbury8m@harvard.edu,CARD,1,1A;2,,,,,
2018-07-12,mcastellani8n@furl.net,CARD,6,AZ;2,1308045A;2,AX;1,1A;2,1308045A;2,1B;1
2018-04-05,aearley8o@adobe.com,CASH,3,1308045A;2,AX;1,1308045B;1,,,
2018-07-12,ldarrach8p@cbslocal.com,CARD,3,1A;2,AX;1,1A;2,,,
2018-12-02,rsturgess8q@studiopress.com,CARD,6,1308045A;2,1308045B;1,1308045A;2,1308045B;1,1308045A;2,AX;1
2018-09-09,vheustice8r@eventbrite.com,CARD,5,1B;1,1A;2,1A;2,1B;1,1A;2,
2017-12-24,lbutting8s@archive.org,CARD,1,1A;2,,,,,
2018-06-30,bworkman8t@loc.gov,CASH,2,1B;1,1A;2,,,,
2018-06-11,kpaolucci8u@harvard.edu,CASH,5,AZ;2,1A;2,1308045A;2,AZ;2,1308045B;1,
2018-08-28,cchessil8v@mayoclinic.com,CASH,1,1A;2,,,,,
2018-05-02,wbirkenshaw8w@state.tx.us,CARD,4,1B;1,AZ;2,1308045A;2,1308045B;1,,
2018-07-16,broz8x@house.gov,CASH,2,1B;1,AX;1,,,,
2018-11-04,dakehurst8y@google.de,CARD,2,1A;2,1A;2,,,,
2018-10-23,erodder8z@ocn.ne.jp,CARD,6,1A;2,1308045B;1,1A;2,1308045B;1,AZ;2,1308045B;1
2018-09-15,jizatt90@state.gov,CARD,1,1A;2,,,,,
2018-06-20,tblondelle91@buzzfeed.com,CARD,1,1A;2,,,,,
2018-09-19,ralfonsini92@gmpg.org,CARD,6,1308045A;2,AX;1,1308045B;1,1A;2,1308045B;1,AZ;2
2018-02-17,gmigheli93@taobao.com,CARD,5,1A;2,1308045B;1,1B;1,1B;1,1308045B;1,
2018-03-02,pflarity94@google.pl,CARD,5,AX;1,AZ;2,1A;2,1B;1,1A;2,
2018-07-01,mgorgler95@example.com,CARD,4,AZ;2,1308045B;1,AZ;2,1308045A;2,,
2018-08-08,aaveson96@shop-pro.jp,CARD,5,1B;1,AZ;2,1308045B;1,AX;1,1A;2,
2018-06-23,mgraver97@economist.com,CARD,4,1308045A;2,1A;2,1B;1,1308045A;2,,
2018-02-02,bjentet98@eventbrite.com,CARD,1,1A;2,,,,,
2018-11-30,ykirley99@bizjournals.com,CASH,6,1A;2,1A;2,AX;1,1308045A;2,1308045A;2,1A;2
2018-07-21,mdungate9a@phpbb.com,CARD,2,1A;2,AZ;2,,,,
2018-02-10,tbrychan9b@hp.com,CARD,2,1A;2,1B;1,,,,
2018-05-13,bcornelissen9c@go.com,CASH,2,1B;1,AZ;2,,,,
2018-02-19,sstaning9d@hugedomains.com,CASH,4,1A;2,AX;1,AZ;2,1308045A;2,,
2018-12-03,gbicker9e@xing.com,CARD,3,1B;1,AZ;2,1B;1,,,
2018-02-24,abertenshaw9f@dyndns.org,CASH,2,1A;2,1308045A;2,,,,
2018-03-19,nmckinless9g@stumbleupon.com,CARD,1,1A;2,,,,,
2018-06-01,tedwardson9h@merriam-webster.com,CASH,5,AZ;2,AZ;2,1B;1,AZ;2,1B;1,
2018-04-04,dbavidge9i@artisteer.com,CARD,3,AZ;2,1B;1,1308045A;2,,,
2018-08-17,sgyrgorcewicx9j@narod.ru,CASH,6,1A;2,1A;2,1B;1,1308045A;2,AX;1,1B;1
2018-08-21,dpedrollo9k@google.com.br,CASH,3,AX;1,AX;1,1A;2,,,
2018-07-29,atremouille9l@economist.com,CASH,5,AZ;2,1308045B;1,1A;2,AZ;2,1308045A;2,
2018-03-16,rleither9m@alexa.com,CARD,6,1B;1,1308045A;2,AX;1,1308045B;1,1A;2,1A;2
2018-11-16,xpannett9n@paginegialle.it,CASH,5,AZ;2,AX;1,AZ;2,1308045A;2,1A;2,
2018-05-10,tmcfadin9o@nih.gov,CARD,1,1A;2,,,,,
2018-05-23,asouthey9p@xing.com,CASH,5,1B;1,AZ;2,AX;1,AZ;2,1308045A;2,
2018-09-08,khewkin9q@eventbrite.com,CASH,2,1B;1,1A;2,,,,
2018-05-19,acollett9r@salon.com,CARD,2,1A;2,1308045A;2,,,,
2017-12-29,fbaxstair9s@amazon.co.jp,CARD,5,1308045B;1,1308045B;1,AZ;2,1B;1,AZ;2,
2018-07-21,cjean9t@yahoo.com,CASH,3,AX;1,1B;1,AZ;2,,,
2018-12-07,aramshaw9u@yale.edu,CARD,3,1308045A;2,1B;1,1308045A;2,,,
2018-03-06,gstollman9v@odnoklassniki.ru,CASH,1,1A;2,,,,,
2018-11-27,smyrkus9w@meetup.com,CASH,4,1308045B;1,AX;1,AX;1,AX;1,,
2017-12-31,garkwright9x@51.la,CARD,2,1A;2,1308045A;2,,,,
2018-03-08,jmcelmurray9y@constantcontact.com,CASH,4,1308045B;1,AX;1,1308045A;2,1308045A;2,,
2018-01-29,klavalde9z@mozilla.com,CASH,6,AZ;2,1A;2,AX;1,1308045A;2,1308045A;2,1A;2
2018-01-13,dmcilwainea0@clickbank.net,CARD,3,AX;1,1A;2,1308045B;1,,,
2018-08-01,agowersa1@addtoany.com,CARD,2,1B;1,AX;1,,,,
2018-11-12,aspellicya2@yellowpages.com,CASH,3,1B;1,1308045B;1,1B;1,,,
2018-02-17,bbruhnsena3@wiley.com,CASH,5,AX;1,AZ;2,1308045B;1,AX;1,1308045A;2,
2018-03-18,bgingedalea4@answers.com,CARD,5,AZ;2,1308045B;1,AZ;2,1B;1,1B;1,
2018-04-19,srawlisona5@amazon.co.uk,CARD,5,1B;1,AZ;2,AX;1,1A;2,1B;1,
2018-04-10,lnoucha6@illinois.edu,CARD,6,AX;1,AZ;2,1308045B;1,1308045A;2,1308045A;2,AZ;2
2018-07-23,ehunstona7@360.cn,CARD,6,1B;1,1308045B;1,1B;1,AZ;2,AZ;2,1A;2
2018-07-15,nwiggalla8@mapquest.com,CASH,4,AX;1,1308045B;1,1B;1,AX;1,,
2018-03-07,oroycrafta9@gov.uk,CARD,6,1B;1,1308045A;2,1308045A;2,AZ;2,AZ;2,1308045B;1
2018-05-13,tlakelandaa@google.com.br,CARD,2,1A;2,AZ;2,,,,
2017-12-23,epiggremab@timesonline.co.uk,CARD,5,1308045B;1,1B;1,1B;1,1308045A;2,AX;1,
2018-05-28,jwoolveridgeac@domainmarket.com,CASH,5,1B;1,AX;1,1A;2,1A;2,1308045B;1,
2018-06-16,rcountad@about.com,CARD,3,AZ;2,AX;1,AX;1,,,
2017-12-22,iterramae@blinklist.com,CARD,5,1A;2,1308045B;1,1A;2,AX;1,1308045A;2,
2018-09-06,gblackstoneaf@dyndns.org,CASH,4,1B;1,1308045B;1,AX;1,AZ;2,,
2018-02-27,rpasqueag@forbes.com,CASH,5,1308045A;2,AZ;2,1A;2,AZ;2,AZ;2,
2018-04-23,acaushah@latimes.com,CARD,2,1A;2,1A;2,,,,
2018-10-18,fkrierai@google.ca,CASH,3,AX;1,1B;1,1308045B;1,,,
2018-10-14,mlambartonaj@weather.com,CARD,1,1A;2,,,,,
2018-04-15,cpetegreeak@amazon.co.jp,CASH,2,1A;2,AX;1,,,,
2018-06-19,cfeyeal@oracle.com,CARD,2,1A;2,1A;2,,,,
2018-04-27,egerrellam@deviantart.com,CARD,3,1B;1,1B;1,AZ;2,,,
2017-12-28,ehodgetsan@pen.io,CARD,1,1A;2,,,,,
2018-07-18,droseburghao@noaa.gov,CARD,2,1A;2,AZ;2,,,,
2018-08-26,gvanderplasap@infoseek.co.jp,CARD,5,AX;1,AZ;2,1308045B;1,1B;1,AX;1,
2018-07-30,bkellingtonaq@com.com,CARD,4,1308045B;1,1A;2,1308045B;1,AZ;2,,
2017-12-28,channahar@nhs.uk,CARD,3,1308045A;2,AZ;2,1B;1,,,
2018-11-04,arestorickas@1und1.de,CASH,3,1A;2,1A;2,1308045B;1,,,
2018-11-29,otailourat@businesswire.com,CASH,5,1308045B;1,AX;1,1B;1,AZ;2,1B;1,
2018-06-10,dchiversau@so-net.ne.jp,CARD,3,AX;1,AX;1,AZ;2,,,
2018-03-29,baultav@zdnet.com,CARD,6,AX;1,1B;1,1A;2,AZ;2,AX;1,1308045A;2
2018-07-25,llathwoodaw@twitpic.com,CARD,4,1308045B;1,AZ;2,AX;1,1B;1,,
2018-11-01,ihassenax@networkadvertising.org,CASH,6,1A;2,1A;2,1B;1,1B;1,1A;2,1308045B;1
2018-10-05,gcoytesay@plala.or.jp,CASH,2,1A;2,1308045B;1,,,,
2018-01-11,sweblingaz@stumbleupon.com,CASH,5,1308045B;1,AZ;2,AZ;2,1B;1,AZ;2,
2018-08-18,rpudgeb0@tmall.com,CASH,5,1B;1,AX;1,AZ;2,1B;1,1308045B;1,
2018-11-08,ilievesleyb1@uol.com.br,CARD,2,1A;2,1A;2,,,,
2018-11-12,abusbyb2@loc.gov,CARD,5,AZ;2,1308045A;2,1A;2,1308045A;2,1308045A;2,
2018-06-13,ostonehouseb3@washingtonpost.com,CARD,1,1A;2,,,,,
2018-10-20,pjeckellb4@prlog.org,CARD,2,1B;1,AZ;2,,,,
2018-11-06,eiwaszkiewiczb5@domainmarket.com,CARD,3,1B;1,1B;1,1A;2,,,
2018-04-18,wwhittingtonb6@hubpages.com,CARD,3,1308045A;2,AZ;2,1B;1,,,
2018-03-26,edavallb7@epa.gov,CASH,6,1A;2,1308045B;1,1308045A;2,1308045B;1,1308045A;2,AX;1
2018-05-01,rsooleyb8@cbsnews.com,CASH,3,1B;1,1A;2,AZ;2,,,
2018-04-26,abesqueb9@about.me,CARD,6,AX;1,1308045A;2,1A;2,1308045A;2,AZ;2,1308045A;2
2018-11-05,abibbyba@cmu.edu,CARD,6,1308045A;2,1308045A;2,AZ;2,AZ;2,1B;1,AZ;2
2018-05-10,llealbb@nytimes.com,CARD,4,1A;2,1B;1,1308045A;2,1308045A;2,,
2018-08-30,csnelgarbc@bloglovin.com,CARD,5,AX;1,1308045B;1,1308045B;1,1308045A;2,AZ;2,
2018-03-09,efolletbd@zimbio.com,CASH,6,1A;2,1A;2,1B;1,AZ;2,1A;2,AX;1
2018-03-30,abrodheadbe@phpbb.com,CASH,3,AZ;2,1A;2,1B;1,,,
2018-12-01,mhaybf@cbsnews.com,CARD,4,1308045A;2,1308045A;2,1308045B;1,1B;1,,
2018-08-29,kwilnebg@devhub.com,CASH,6,AX;1,1A;2,1B;1,1308045B;1,AZ;2,AZ;2
2018-07-15,rlovelessbh@unc.edu,CASH,1,1A;2,,,,,
2017-12-21,mdunnettbi@soundcloud.com,CARD,1,1A;2,,,,,
2018-11-19,rcayettebj@ustream.tv,CARD,6,1308045B;1,AX;1,AZ;2,AZ;2,1308045B;1,1B;1
2018-06-13,kgulliverbk@a8.net,CARD,1,1A;2,,,,,
2018-10-02,gmairsbl@clickbank.net,CASH,5,AX;1,AZ;2,1A;2,AZ;2,1308045A;2,
2018-04-01,hmilletonbm@networksolutions.com,CASH,4,1308045A;2,1A;2,1308045B;1,AZ;2,,
2018-07-22,zcullenbn@columbia.edu,CARD,5,1A;2,1A;2,1A;2,AX;1,1B;1,
2018-01-19,bitzakbo@mail.ru,CASH,1,1A;2,,,,,
2018-11-16,mpreskettbp@comsenz.com,CARD,6,1308045A;2,1308045A;2,1B;1,1308045A;2,AZ;2,AZ;2
2018-09-06,dshernockbq@who.int,CASH,3,1308045A;2,1A;2,1308045B;1,,,
2018-06-14,rharcasebr@ucla.edu,CARD,5,AX;1,1B;1,1308045B;1,1308045A;2,1A;2,
2018-02-16,dblincoebs@ow.ly,CASH,3,1308045A;2,1B;1,1B;1,,,
2018-10-23,nhalfhidebt@theatlantic.com,CASH,4,AX;1,AX;1,AX;1,1308045B;1,,
2018-09-28,mjonesbu@fema.gov,CASH,5,1A;2,AZ;2,1308045A;2,AZ;2,AZ;2,
2018-08-23,akolinskybv@gnu.org,CASH,3,1A;2,1A;2,AX;1,,,
2018-05-14,djessoppbw@home.pl,CARD,1,1A;2,,,,,
2018-04-23,slepiscopiobx@networksolutions.com,CARD,6,1308045B;1,1A;2,1B;1,1308045B;1,AZ;2,1308045B;1
2018-09-11,bprocterby@mapquest.com,CARD,2,1B;1,1308045B;1,,,,
2018-11-23,ggasnollbz@fastcompany.com,CASH,3,AX;1,1308045B;1,1B;1,,,
2018-03-28,lheiblc0@sourceforge.net,CASH,3,1B;1,1B;1,1308045A;2,,,
2018-07-04,tnewardc1@google.de,CARD,4,1B;1,1308045B;1,AZ;2,1308045A;2,,
2018-11-23,ewittenc2@123-reg.co.uk,CARD,4,1308045B;1,AX;1,AZ;2,1B;1,,
2018-06-06,mhumberc3@ed.gov,CARD,3,AZ;2,1308045B;1,1308045A;2,,,
2018-05-03,cwhimpc4@tiny.cc,CARD,4,1B;1,1A;2,1308045A;2,AX;1,,
2018-09-24,bbigleyc5@unblog.fr,CARD,2,1A;2,1308045B;1,,,,
2018-07-19,snorawayc6@cocolog-nifty.com,CASH,5,1B;1,AX;1,AZ;2,1B;1,1308045A;2,
2018-06-04,amichelinc7@live.com,CARD,1,1A;2,,,,,
2018-03-01,dboxc8@comsenz.com,CARD,6,1B;1,1308045A;2,1308045A;2,AZ;2,AZ;2,AX;1
2018-09-26,vbrychanc9@usatoday.com,CARD,2,1B;1,1B;1,,,,
2018-06-10,eklemkeca@opensource.org,CARD,6,1B;1,1308045B;1,1A;2,1B;1,1308045A;2,1B;1
2018-07-31,bantatcb@comcast.net,CASH,1,1A;2,,,,,
2018-04-20,everdoncc@nyu.edu,CASH,3,1A;2,1308045A;2,1A;2,,,
2018-04-02,tadamskycd@1und1.de,CARD,1,1A;2,,,,,
2018-09-27,cjerramce@cargocollective.com,CASH,6,1B;1,1B;1,1308045A;2,1308045B;1,1A;2,1B;1
2018-05-25,atoffanocf@mapy.cz,CASH,2,1A;2,1308045B;1,,,,
2018-06-08,terrowecg@washington.edu,CASH,4,AZ;2,1308045A;2,AZ;2,1308045B;1,,
2018-09-24,wsignoretch@imageshack.us,CASH,6,1308045A;2,AX;1,1308045A;2,AX;1,1308045A;2,1308045A;2
2018-09-16,vmassardci@godaddy.com,CASH,5,1308045A;2,1308045A;2,1308045A;2,1308045A;2,1308045B;1,
2018-10-09,acouttescj@phoca.cz,CASH,5,1308045B;1,AZ;2,1308045A;2,AX;1,1308045B;1,
2018-03-02,rnaperck@diigo.com,CARD,5,1B;1,AX;1,1A;2,1A;2,1308045B;1,
2018-12-14,zsicelycl@wufoo.com,CASH,1,1A;2,,,,,
2018-03-16,aormistonecm@bandcamp.com,CARD,4,AX;1,1308045B;1,1308045A;2,AX;1,,
2018-07-05,fveregancn@comsenz.com,CASH,5,AZ;2,1308045B;1,1308045A;2,AZ;2,1A;2,
2018-06-28,ecopnallco@shop-pro.jp,CARD,2,1B;1,AZ;2,,,,
2018-08-31,bwholesworthcp@ameblo.jp,CARD,6,1B;1,AX;1,AX;1,AX;1,1B;1,AZ;2
2018-11-14,lmacalindencq@google.com.hk,CASH,1,1A;2,,,,,
2018-03-21,jcrainecr@g.co,CARD,4,1B;1,1A;2,AZ;2,1B;1,,
2018-07-14,elaugacs@go.com,CASH,4,1B;1,1308045A;2,AX;1,AX;1,,
2018-10-10,dwoollerct@privacy.gov.au,CARD,4,1308045B;1,AZ;2,1A;2,1308045A;2,,
2018-09-28,msomerbellcu@dagondesign.com,CASH,4,AX;1,1B;1,1A;2,1B;1,,
2018-10-31,cgoodrichcv@simplemachines.org,CARD,3,1308045B;1,1B;1,1308045B;1,,,
2017-12-19,bmarplecw@meetup.com,CASH,5,AX;1,AX;1,1308045B;1,1B;1,1B;1,
2018-09-08,rgrisenthwaitecx@huffingtonpost.com,CASH,6,1308045B;1,AX;1,AX;1,AZ;2,1308045B;1,1308045B;1
2018-06-18,agopsallcy@cnet.com,CARD,4,1A;2,1308045A;2,AX;1,AX;1,,
2018-04-04,fdorboncz@marketwatch.com,CARD,1,1A;2,,,,,
2018-08-09,mellereyd0@vimeo.com,CARD,6,1308045B;1,1B;1,1B;1,1308045B;1,1B;1,1A;2
2018-03-28,cteenand1@ezinearticles.com,CARD,6,1A;2,AZ;2,1B;1,1A;2,1A;2,1308045B;1
2018-06-05,pbasketfieldd2@so-net.ne.jp,CARD,1,1A;2,,,,,
2018-09-04,tbearnsd3@unicef.org,CARD,4,1308045A;2,AX;1,AZ;2,1B;1,,
2018-08-22,kduncand4@fda.gov,CARD,4,AX;1,1B;1,1A;2,1A;2,,
2018-06-19,hbalsdoned5@flickr.com,CASH,6,1A;2,1308045B;1,1308045A;2,1A;2,1B;1,1B;1
2018-04-28,ewinnd6@google.es,CASH,1,1A;2,,,,,
2018-03-05,jcolvilled7@cafepress.com,CASH,2,1A;2,AX;1,,,,
2018-01-26,llongfordd8@multiply.com,CARD,6,1308045A;2,1308045B;1,1308045A;2,AZ;2,1308045B;1,1B;1
2018-10-27,lrehmd9@hhs.gov,CASH,1,1A;2,,,,,
2018-08-01,mhawtreyda@biglobe.ne.jp,CASH,6,1308045A;2,1308045A;2,AZ;2,1308045A;2,1A;2,1A;2
2018-11-11,xkendelldb@tinyurl.com,CARD,3,1A;2,1B;1,AX;1,,,
2018-02-11,mgroucockdc@marriott.com,CARD,4,AZ;2,1308045A;2,AZ;2,1A;2,,
2018-06-28,akeppedd@whitehouse.gov,CARD,3,1B;1,1308045B;1,1A;2,,,
2018-04-23,mmckellerde@alibaba.com,CASH,1,1A;2,,,,,
2018-10-15,apirniedf@weebly.com,CASH,4,AZ;2,1308045A;2,AZ;2,1308045A;2,,
2018-10-24,fmoncarrdg@drupal.org,CARD,2,1A;2,AX;1,,,,
2018-06-22,ngrobdh@pinterest.com,CASH,1,1A;2,,,,,
2018-10-04,lpackwooddi@people.com.cn,CARD,5,1308045B;1,AX;1,1308045A;2,1308045A;2,1308045B;1,
2018-01-05,ahoneywooddj@nationalgeographic.com,CARD,6,1308045A;2,1B;1,1308045A;2,1A;2,1308045A;2,1308045A;2
2018-11-15,sstillydk@psu.edu,CARD,2,1A;2,1A;2,,,,
2018-04-10,mwittkedl@opera.com,CASH,4,1B;1,AX;1,AZ;2,1308045A;2,,
2018-09-24,dtownsleydm@tuttocitta.it,CASH,1,1A;2,,,,,
2018-04-30,ccoltharddn@google.com.au,CARD,1,1A;2,,,,,
2018-06-02,mcallendardo@yolasite.com,CASH,4,1A;2,AX;1,1308045A;2,1308045A;2,,
2018-10-26,plazarusdp@furl.net,CARD,4,1308045A;2,AX;1,1B;1,AX;1,,
2018-06-08,klethburydq@multiply.com,CARD,3,1308045A;2,1308045B;1,AZ;2,,,
2018-10-17,dmiddledr@shutterfly.com,CARD,2,1B;1,AX;1,,,,
2018-01-22,clambillionds@army.mil,CASH,3,1308045A;2,1B;1,AZ;2,,,
2018-06-30,jshambrokedt@stumbleupon.com,CARD,3,1A;2,AZ;2,1308045B;1,,,
2018-06-07,nskewesdu@utexas.edu,CARD,1,1A;2,,,,,
2018-12-09,mchomiczdv@flavors.me,CARD,6,1B;1,1A;2,1308045A;2,1A;2,1308045B;1,1308045A;2
2018-12-14,lfilyashindw@multiply.com,CARD,6,1308045B;1,1308045A;2,AX;1,1B;1,AZ;2,AX;1
2018-01-13,cbarlacedx@dmoz.org,CARD,4,AX;1,1B;1,1308045A;2,AZ;2,,
2018-05-21,kflawithdy@sun.com,CARD,2,1A;2,AZ;2,,,,
2018-03-30,jharuarddz@last.fm,CARD,1,1A;2,,,,,
2018-07-28,drisleye0@prnewswire.com,CARD,6,1B;1,AZ;2,1A;2,AZ;2,1308045B;1,1A;2
2018-10-19,rboothere1@nydailynews.com,CARD,6,1A;2,1308045B;1,AZ;2,1B;1,AX;1,1308045A;2
2018-08-16,rvarfalameeve2@cargocollective.com,CARD,3,AZ;2,1308045B;1,1B;1,,,
2018-02-19,ahalwille3@gmpg.org,CARD,2,1A;2,AX;1,,,,
2018-08-31,ywilderspoone4@nyu.edu,CARD,5,1A;2,1A;2,AX;1,1A;2,1B;1,
2018-09-25,equsklaye5@yandex.ru,CARD,2,1B;1,1308045A;2,,,,
2018-06-01,fferribye6@ask.com,CARD,4,AX;1,1B;1,AZ;2,1A;2,,
2018-12-07,jcobleye7@scientificamerican.com,CARD,1,1A;2,,,,,
2018-06-03,fsangwinee8@vk.com,CASH,6,AZ;2,1308045B;1,AX;1,AX;1,AZ;2,AX;1
2018-06-03,mschruyere9@lulu.com,CASH,4,AX;1,AX;1,1A;2,AX;1,,
2018-10-18,nwildmanea@ibm.com,CARD,5,AZ;2,1308045B;1,1308045A;2,AX;1,1B;1,
2018-02-24,mmckoyeb@bloomberg.com,CASH,3,1A;2,AX;1,AZ;2,,,
2018-03-13,shammerbergec@naver.com,CARD,2,1B;1,AZ;2,,,,
2018-09-01,fdybleed@squidoo.com,CASH,2,1B;1,1308045A;2,,,,
2018-12-06,twarcopee@virginia.edu,CARD,3,AZ;2,AZ;2,1A;2,,,
2018-04-22,mbasketteref@pbs.org,CARD,2,1B;1,1308045A;2,,,,
2018-02-21,cgladdeneg@adobe.com,CARD,6,AX;1,1A;2,AX;1,1308045B;1,AX;1,1308045A;2
2018-09-20,gairlieeh@typepad.com,CARD,5,1A;2,1B;1,1308045B;1,1A;2,1A;2,
2018-11-02,sjacobbeei@diigo.com,CARD,2,1B;1,AX;1,,,,
2018-12-10,nhamberstonej@hp.com,CARD,5,1B;1,1B;1,AX;1,AZ;2,1B;1,
2018-07-05,tgoughek@icio.us,CARD,4,1A;2,1B;1,AZ;2,AZ;2,,
2018-12-15,meayresel@shutterfly.com,CASH,1,1A;2,,,,,
2018-01-02,adigiacomoem@msn.com,CARD,2,1A;2,1A;2,,,,
2018-10-02,anittien@creativecommons.org,CASH,4,AZ;2,1A;2,1A;2,AZ;2,,
2018-09-06,ljannawayeo@instagram.com,CARD,4,1308045B;1,1308045A;2,1A;2,AX;1,,
2018-10-29,goosthoutdevreeep@japanpost.jp,CARD,5,1A;2,1308045B;1,AZ;2,AX;1,1308045A;2,
2017-12-27,phameseq@amazonaws.com,CARD,2,1B;1,AX;1,,,,
2018-05-20,rhurleyer@scientificamerican.com,CASH,2,1A;2,1308045B;1,,,,
2018-04-10,mgianes@loc.gov,CASH,1,1A;2,,,,,
2018-08-18,mewellset@chicagotribune.com,CARD,6,AZ;2,1308045A;2,AZ;2,1308045A;2,1B;1,AX;1
2018-09-11,sredwineu@altervista.org,CARD,5,1308045B;1,AX;1,1A;2,AZ;2,1A;2,
2018-04-30,rgathercoalev@naver.com,CASH,6,1308045A;2,AZ;2,AX;1,1308045A;2,AZ;2,1B;1
2018-10-28,mshadfourthew@trellian.com,CARD,4,1308045A;2,1308045B;1,1B;1,AX;1,,
2018-01-14,dbelcherex@cdbaby.com,CASH,4,AX;1,1A;2,1A;2,1308045B;1,,
2018-04-12,jajamey@seattletimes.com,CARD,1,1A;2,,,,,
2018-07-30,nhauxbyez@jalbum.net,CASH,2,1A;2,1308045B;1,,,,
2018-01-30,ggeppf0@last.fm,CASH,2,1A;2,1A;2,,,,
2018-08-01,aroyanf1@nationalgeographic.com,CARD,1,1A;2,,,,,
2018-02-17,fwillisf2@dot.gov,CASH,3,AX;1,1B;1,1308045B;1,,,
2018-02-19,emaureenf3@webeden.co.uk,CASH,4,1A;2,AX;1,AZ;2,AZ;2,,
2018-06-16,eocorhanef4@biglobe.ne.jp,CARD,4,AX;1,1A;2,AZ;2,1308045A;2,,
2018-12-09,bstathorf5@spotify.com,CASH,4,AX;1,1A;2,1A;2,1308045B;1,,
2018-05-25,vnoarf6@cbslocal.com,CASH,6,1308045A;2,AX;1,1A;2,1308045A;2,AX;1,1308045B;1
2018-08-07,cerrickerf7@si.edu,CARD,4,1308045A;2,AX;1,1A;2,AX;1,,
2018-03-07,gaichesonf8@va.gov,CASH,1,1A;2,,,,,
2018-12-10,tleborgnef9@netvibes.com,CARD,3,AZ;2,AZ;2,1308045B;1,,,
2018-07-01,wfakesfa@admin.ch,CASH,4,1308045A;2,1B;1,1308045B;1,AZ;2,,
2018-02-08,fbuffinfb@dedecms.com,CARD,3,1B;1,1B;1,1308045A;2,,,
2018-06-13,alindsleyfc@cargocollective.com,CARD,2,1B;1,1308045B;1,,,,
2018-11-24,pberriganfd@statcounter.com,CARD,4,1B;1,1B;1,1308045B;1,1308045A;2,,
2018-08-10,bcartmanfe@admin.ch,CASH,1,1A;2,,,,,
2018-03-10,hleestutff@forbes.com,CARD,1,1A;2,,,,,
2018-06-09,creekiefg@eepurl.com,CARD,6,1A;2,1B;1,1308045A;2,1308045A;2,AZ;2,1B;1
2018-05-04,efilisovfh@cornell.edu,CASH,1,1A;2,,,,,
2018-03-05,cwinsparefi@taobao.com,CASH,1,1A;2,,,,,
2018-08-18,mvalerifj@artisteer.com,CASH,3,1308045A;2,1A;2,AZ;2,,,
2018-05-03,imaccawleyfk@ustream.tv,CARD,3,1308045B;1,AX;1,1308045B;1,,,
2018-01-26,anewallfl@csmonitor.com,CARD,1,1A;2,,,,,
2018-08-19,bgalbreathfm@icio.us,CARD,6,1308045B;1,1308045B;1,1308045A;2,1B;1,AZ;2,1B;1
2018-02-06,mstertefn@fda.gov,CARD,3,AZ;2,AX;1,AX;1,,,
2018-01-27,fzeplinfo@fastcompany.com,CASH,2,1A;2,1308045A;2,,,,
2018-10-24,spoadfp@wp.com,CARD,2,1B;1,AZ;2,,,,
2018-05-28,ghulancefq@sitemeter.com,CARD,5,1308045A;2,AZ;2,AZ;2,AX;1,AZ;2,
2018-03-15,ptabartfr@about.com,CASH,4,1B;1,1308045B;1,1B;1,1A;2,,
2018-05-24,hklauerfs@hao123.com,CASH,3,1308045B;1,AX;1,AX;1,,,
2018-09-23,alochft@netscape.com,CARD,5,AX;1,1B;1,AX;1,1308045B;1,1B;1,
2018-10-01,mferrynfu@dropbox.com,CASH,6,1B;1,AZ;2,1308045A;2,1308045A;2,AZ;2,AZ;2
2018-08-04,jeatockfv@booking.com,CASH,6,1308045A;2,1A;2,1A;2,1A;2,1308045B;1,1308045B;1
2018-10-24,jbamptonfw@163.com,CARD,6,1B;1,1A;2,AX;1,1B;1,1B;1,1308045B;1
2018-07-13,lheggadonfx@ftc.gov,CARD,2,1B;1,1308045A;2,,,,
2018-10-27,eaikmanfy@seesaa.net,CARD,4,1308045A;2,AZ;2,1A;2,AX;1,,
2018-10-25,lcartmalefz@php.net,CASH,5,1308045B;1,1B;1,1B;1,AZ;2,AZ;2,
2018-02-03,akaleweg0@vistaprint.com,CASH,5,1308045B;1,AZ;2,AZ;2,1B;1,1A;2,
2018-02-28,emuglestoneg1@photobucket.com,CARD,1,1A;2,,,,,
2018-11-28,mgillg2@nih.gov,CASH,1,1A;2,,,,,
2018-11-04,bginnellg3@zimbio.com,CARD,6,1308045A;2,1B;1,1308045B;1,AZ;2,1B;1,AX;1
2018-03-19,brighyg4@clickbank.net,CASH,4,1308045B;1,1308045A;2,1308045B;1,AX;1,,
2018-08-29,jtandeyg5@simplemachines.org,CARD,1,1A;2,,,,,
2018-11-02,replettg6@sina.com.cn,CASH,1,1A;2,,,,,
2018-04-14,gsandelandg7@github.io,CASH,3,1308045B;1,AZ;2,1A;2,,,
2018-10-30,kmcfaulg8@who.int,CARD,2,1A;2,1308045A;2,,,,
2017-12-22,ygatcliffg9@spotify.com,CARD,3,1B;1,1308045B;1,1308045B;1,,,
2018-06-12,cneachellga@elegantthemes.com,CARD,3,1B;1,AX;1,1308045B;1,,,
2018-06-13,acharkergb@yellowpages.com,CASH,4,1308045A;2,1B;1,AX;1,1B;1,,
2018-06-09,jkaindlgc@salon.com,CASH,6,1308045A;2,1A;2,1308045A;2,AX;1,1B;1,1308045A;2
2018-02-09,cchamberlaynegd@booking.com,CARD,5,1308045A;2,AZ;2,AX;1,1B;1,1B;1,
2018-01-19,kjinkinge@google.ca,CARD,2,1B;1,1B;1,,,,
2018-08-13,npulhamgf@biglobe.ne.jp,CARD,4,1B;1,1308045A;2,1308045A;2,1B;1,,
2018-11-04,lsokillgg@1und1.de,CARD,4,AX;1,AX;1,1308045B;1,1308045A;2,,
2018-02-16,mlefebregh@sourceforge.net,CARD,4,1B;1,1B;1,1B;1,AX;1,,
2018-01-12,rouletgi@clickbank.net,CASH,3,1B;1,1308045B;1,1308045B;1,,,
2018-10-14,drecordgj@mashable.com,CASH,3,1308045A;2,1A;2,1308045A;2,,,
2018-05-18,cchildgk@samsung.com,CARD,3,1A;2,1A;2,AZ;2,,,
2018-01-28,tgoultergl@cnn.com,CASH,1,1A;2,,,,,
2018-03-10,gwreffordgm@fc2.com,CARD,3,1308045A;2,1308045A;2,1308045B;1,,,
2018-09-18,gcrimingn@si.edu,CASH,6,1308045B;1,AX;1,1308045B;1,1308045B;1,1308045A;2,AX;1
2018-10-31,mkilborngo@e-recht24.de,CASH,2,1A;2,AZ;2,,,,
2018-05-29,kvaughtongp@bbc.co.uk,CARD,5,1B;1,1308045A;2,1B;1,1B;1,AZ;2,
2017-12-28,kbrakergq@cloudflare.com,CASH,2,1A;2,AZ;2,,,,
2018-09-26,nelstonegr@hatena.ne.jp,CARD,3,1A;2,1B;1,AX;1,,,
2018-10-18,ghavegs@sciencedirect.com,CARD,3,1B;1,AX;1,1A;2,,,
2018-03-17,bbrickwoodgt@hugedomains.com,CASH,5,1A;2,1308045B;1,AZ;2,1A;2,1308045A;2,
2017-12-24,frainsgu@google.nl,CARD,6,1308045B;1,1B;1,1A;2,1A;2,1B;1,AX;1
2018-01-18,folivelligv@gravatar.com,CASH,5,AZ;2,1B;1,AX;1,1308045A;2,AZ;2,
2018-01-27,kswinnardgw@cmu.edu,CASH,2,1A;2,1A;2,,,,
2018-05-23,acyplesgx@nsw.gov.au,CASH,1,1A;2,,,,,
2018-07-14,rsimmersgy@cloudflare.com,CARD,1,1A;2,,,,,
2018-11-05,vdaneletgz@mtv.com,CASH,2,1A;2,1308045A;2,,,,
2018-09-09,fpescotth0@indiegogo.com,CARD,5,AX;1,1308045B;1,1A;2,1308045A;2,1308045A;2,
2018-07-24,xzannellih1@ox.ac.uk,CASH,5,1308045A;2,1308045A;2,1308045B;1,AX;1,AX;1,
2018-06-04,acowxh2@geocities.jp,CASH,1,1A;2,,,,,
2018-05-02,srusbridgeh3@scribd.com,CARD,3,AX;1,1B;1,1308045B;1,,,
2018-09-18,elemmertzh4@goodreads.com,CARD,3,AZ;2,1A;2,1308045A;2,,,
2018-04-23,abalazinh5@cdc.gov,CASH,4,AX;1,1308045A;2,1A;2,1B;1,,
2018-09-18,ngreatedh6@japanpost.jp,CARD,4,1B;1,1A;2,AX;1,1308045A;2,,
2018-12-06,mahmedh7@canalblog.com,CARD,3,1B;1,AZ;2,1B;1,,,
2018-04-15,cpetrih8@engadget.com,CASH,3,AZ;2,AZ;2,1308045B;1,,,
2018-03-14,aquinh9@biglobe.ne.jp,CASH,4,1B;1,1A;2,1B;1,AZ;2,,
2018-02-28,ygonzalesha@ucoz.ru,CARD,2,1A;2,1B;1,,,,
2018-05-23,lwyonhb@etsy.com,CASH,1,1A;2,,,,,
2018-03-12,bollenbuttelhc@blogtalkradio.com,CASH,3,AZ;2,1A;2,1308045B;1,,,
2018-03-10,proomshd@php.net,CARD,1,1A;2,,,,,
2018-10-03,bkinverhe@xing.com,CASH,2,1A;2,1A;2,,,,
2018-02-14,mduigenanhf@hibu.com,CASH,1,1A;2,,,,,
2018-01-20,fnilleshg@cloudflare.com,CASH,3,AX;1,1308045B;1,AX;1,,,
2018-05-17,smordinhh@moonfruit.com,CASH,4,1308045A;2,1B;1,1A;2,AX;1,,
2018-01-15,cdavidowhi@goodreads.com,CARD,6,AZ;2,AX;1,1A;2,1308045A;2,1A;2,AZ;2
2018-03-06,dbeddoeshj@techcrunch.com,CASH,1,1A;2,,,,,
2018-08-21,llambertzhk@examiner.com,CARD,3,AX;1,1308045A;2,AX;1,,,
2018-03-17,vseviourhl@123-reg.co.uk,CARD,1,1A;2,,,,,
2018-05-12,nfransinellihm@guardian.co.uk,CASH,4,1B;1,1B;1,AZ;2,1308045A;2,,
2018-11-19,mbushillhn@naver.com,CASH,2,1A;2,1308045B;1,,,,
2018-06-24,bdykesho@g.co,CASH,4,AZ;2,AZ;2,AX;1,1A;2,,
2018-02-03,aaughtonhp@bluehost.com,CARD,1,1A;2,,,,,
2018-12-05,rnovichq@booking.com,CARD,1,1A;2,,,,,
2018-11-13,avonbrookhr@themeforest.net,CASH,6,1A;2,AX;1,1A;2,1A;2,1A;2,1308045B;1
2018-05-05,jpernellhs@posterous.com,CARD,3,1308045B;1,1A;2,1B;1,,,
2018-02-04,smacourekht@merriam-webster.com,CARD,2,1B;1,AZ;2,,,,
2018-11-30,dgandertonhu@php.net,CARD,6,AZ;2,AX;1,AX;1,1308045A;2,AZ;2,AZ;2
2018-05-26,aapshv@goodreads.com,CARD,6,1308045A;2,1308045B;1,1308045B;1,1308045A;2,1308045A;2,1308045B;1
2018-04-09,tjoscelinhw@phoca.cz,CARD,3,1A;2,AX;1,AX;1,,,
2018-07-27,abridiehx@google.co.jp,CARD,3,1308045B;1,1A;2,1308045B;1,,,
2018-08-07,dbridgstockhy@hibu.com,CASH,1,1A;2,,,,,
2018-03-05,jjohannhz@census.gov,CARD,4,AX;1,1308045B;1,AX;1,1A;2,,
2018-11-20,kwaulkeri0@lycos.com,CARD,5,1308045B;1,AZ;2,1B;1,1308045A;2,1308045A;2,
2018-11-29,dblackalleri1@squidoo.com,CARD,2,1B;1,1A;2,,,,
2018-07-15,paxupi2@jiathis.com,CARD,3,1308045A;2,AX;1,AX;1,,,
2018-10-31,jvarrowi3@live.com,CARD,6,1B;1,1308045B;1,1A;2,1A;2,AX;1,1308045A;2
2018-01-29,sbaudoui4@wikimedia.org,CASH,1,1A;2,,,,,
2018-06-03,dhaddicki5@seesaa.net,CASH,6,AX;1,1308045B;1,1308045A;2,1308045B;1,1B;1,AZ;2
2018-09-10,kmeleski6@arstechnica.com,CASH,6,AX;1,1B;1,1B;1,AX;1,1308045A;2,AZ;2
2018-02-08,gcleali7@reference.com,CARD,2,1A;2,1A;2,,,,
2018-10-22,gfilippuccii8@issuu.com,CARD,2,1A;2,1A;2,,,,
2018-10-15,roronani9@va.gov,CARD,6,1308045B;1,1A;2,AZ;2,AZ;2,1308045A;2,1308045A;2
2018-02-25,eskalaia@cargocollective.com,CARD,2,1A;2,AZ;2,,,,
2018-02-23,adunderdaleib@state.gov,CARD,2,1A;2,1308045A;2,,,,
2018-10-28,ycadeic@taobao.com,CARD,3,AX;1,1B;1,1B;1,,,
2018-05-02,nlairdid@pen.io,CARD,2,1B;1,1A;2,,,,
2018-08-29,mwarmingtonie@mediafire.com,CASH,1,1A;2,,,,,
2018-04-13,jdunneif@deliciousdays.com,CASH,6,1B;1,1308045A;2,1308045A;2,1A;2,1308045A;2,1308045B;1
2018-04-22,wsatyfordig@hubpages.com,CASH,4,1308045A;2,AX;1,1308045A;2,AX;1,,
2018-11-14,rcullinanih@skype.com,CARD,2,1B;1,1308045B;1,,,,
2018-11-24,mtimsii@abc.net.au,CASH,2,1A;2,AZ;2,,,,
2018-05-24,hkenionij@independent.co.uk,CASH,5,1B;1,AX;1,1B;1,1A;2,1308045B;1,
2018-10-22,adroganik@kickstarter.com,CARD,6,AZ;2,1308045B;1,1308045A;2,1308045B;1,1308045B;1,1308045A;2
2018-02-01,draitil@hhs.gov,CARD,3,AZ;2,AX;1,AZ;2,,,
2018-07-05,jronciim@yellowpages.com,CASH,1,1A;2,,,,,
2018-03-15,twarlawein@jimdo.com,CASH,6,1B;1,1308045A;2,1B;1,AX;1,1A;2,1A;2
2018-10-10,pguntonio@reference.com,CARD,4,1B;1,AX;1,AX;1,1B;1,,
2018-06-26,tcolwillip@ameblo.jp,CARD,6,1308045B;1,1A;2,1B;1,1308045B;1,AX;1,AX;1
2018-10-06,vrankliniq@cloudflare.com,CASH,6,1308045B;1,1308045A;2,1A;2,1B;1,AZ;2,1308045A;2
2018-11-23,jdonohueir@spiegel.de,CARD,6,1308045A;2,1308045A;2,1308045B;1,AX;1,1308045A;2,1308045B;1
2018-03-28,rbusfieldis@is.gd,CASH,5,1A;2,1308045B;1,1A;2,AZ;2,1308045B;1,
2018-10-30,gflorioit@forbes.com,CARD,4,1B;1,1A;2,AZ;2,AX;1,,
2018-07-25,nyetmaniu@symantec.com,CASH,6,1308045B;1,AX;1,AZ;2,AX;1,AZ;2,AX;1
2018-12-15,lcardilloiv@free.fr,CARD,6,1308045A;2,AZ;2,1308045B;1,AX;1,1308045A;2,1308045B;1
2018-06-26,uderocheiw@bing.com,CASH,1,1A;2,,,,,
2018-07-25,emeekeix@cnn.com,CASH,6,1B;1,1A;2,1308045A;2,1A;2,1308045B;1,1A;2
2018-07-05,pkuhntiy@walmart.com,CARD,5,1308045B;1,1308045A;2,1308045B;1,AZ;2,AX;1,
2018-02-07,rdurnianiz@msu.edu,CARD,3,1308045A;2,1308045B;1,1308045A;2,,,
2018-02-12,jhackingej0@nba.com,CASH,2,1B;1,AX;1,,,,
2018-06-24,obruslej1@techcrunch.com,CARD,1,1A;2,,,,,
2018-09-05,cdominicoj2@alexa.com,CARD,5,AZ;2,AZ;2,1A;2,1308045B;1,1308045A;2,
2018-08-12,fbaszniakj3@theguardian.com,CASH,2,1A;2,AZ;2,,,,
2018-10-05,mmatthausj4@xrea.com,CASH,4,1308045B;1,1308045A;2,1B;1,1A;2,,
2018-05-22,dsugarsj5@dmoz.org,CARD,3,AZ;2,AX;1,1B;1,,,
2018-06-21,kharroldj6@paginegialle.it,CARD,4,1A;2,1B;1,1308045B;1,1A;2,,
2018-08-18,moakmanj7@hao123.com,CARD,4,1A;2,AX;1,1A;2,1B;1,,
2018-09-16,gdarwinj8@nymag.com,CASH,2,1B;1,AX;1,,,,
2018-01-31,kscottesmoorj9@about.me,CASH,6,1308045B;1,1308045A;2,1A;2,AX;1,1A;2,1308045B;1
2018-08-10,ksyddallja@a8.net,CASH,3,1308045B;1,AZ;2,1A;2,,,
2018-12-14,gcordalljb@msn.com,CASH,5,1308045B;1,1308045B;1,1B;1,1308045A;2,AZ;2,
2018-11-10,flarcombejc@t.co,CASH,5,AX;1,AZ;2,AX;1,1308045A;2,AX;1,
2018-09-19,egaukrodgejd@cafepress.com,CASH,5,AZ;2,1A;2,AX;1,1A;2,AZ;2,
2018-08-07,kwhooleyje@umn.edu,CARD,4,1308045A;2,AZ;2,1308045B;1,1308045B;1,,
2018-09-14,pelhamjf@nytimes.com,CARD,3,AZ;2,1A;2,AX;1,,,
2018-08-05,nclohiseyjg@pbs.org,CARD,6,1B;1,1308045B;1,AZ;2,1308045B;1,AZ;2,1308045B;1
2018-03-14,iizchakijh@github.com,CASH,4,1308045A;2,AZ;2,AX;1,AX;1,,
2018-04-29,creeceji@slate.com,CARD,1,1A;2,,,,,
2018-06-21,amainjj@twitpic.com,CASH,1,1A;2,,,,,
2018-05-28,hwhimpennyjk@ehow.com,CARD,6,1A;2,1308045B;1,1308045B;1,1308045B;1,1B;1,1308045A;2
2018-02-10,gblasettijl@hc360.com,CASH,5,1B;1,AX;1,1B;1,1B;1,AZ;2,
2018-10-03,hwebsterjm@wufoo.com,CARD,6,1308045A;2,1A;2,1308045B;1,1B;1,1B;1,1308045A;2
2018-03-26,dabbajn@shop-pro.jp,CARD,6,1308045A;2,1A;2,AX;1,AZ;2,1B;1,1B;1
2018-02-27,jalgerjo@reddit.com,CARD,2,1B;1,1308045B;1,,,,
2018-03-09,awhearjp@cyberchimps.com,CARD,3,1A;2,1A;2,AZ;2,,,
2018-08-15,ereskellyjq@posterous.com,CASH,1,1A;2,,,,,
2018-01-06,gfinlryjr@hp.com,CASH,2,1B;1,1A;2,,,,
2018-11-05,eowerjs@webmd.com,CASH,5,AX;1,AX;1,1B;1,1A;2,1308045B;1,
2018-01-19,nspybeyjt@odnoklassniki.ru,CASH,1,1A;2,,,,,
2018-08-14,kdockrillju@dedecms.com,CARD,1,1A;2,,,,,
2018-11-06,bgrahamjv@arizona.edu,CARD,4,1308045B;1,AZ;2,1308045A;2,AX;1,,
2017-12-22,gmcclancyjw@sohu.com,CASH,6,1308045A;2,AZ;2,1B;1,1B;1,1308045B;1,1A;2
2018-04-03,iklavesjx@ftc.gov,CARD,4,AX;1,1308045A;2,1308045B;1,AX;1,,
2018-12-05,smiddenjy@alexa.com,CARD,4,1B;1,1308045A;2,AX;1,AX;1,,
2018-05-15,klyndjz@google.ru,CASH,1,1A;2,,,,,
2018-06-28,pkeamk0@goo.gl,CASH,6,AX;1,1308045B;1,AZ;2,1B;1,AZ;2,AZ;2
2018-06-21,squigleyk1@cocolog-nifty.com,CARD,3,1A;2,AZ;2,1A;2,,,
2018-05-07,tmaccallionk2@tinypic.com,CASH,1,1A;2,,,,,
2018-11-17,prickeardk3@vimeo.com,CASH,3,1B;1,1B;1,1A;2,,,
2018-09-19,jlodgek4@ning.com,CARD,4,1308045A;2,1308045B;1,1B;1,1B;1,,
2018-07-30,rmactaguek5@nytimes.com,CASH,4,1A;2,1308045A;2,1A;2,AX;1,,
2018-01-11,lgunk6@yale.edu,CARD,3,1B;1,1308045B;1,AX;1,,,
2018-11-22,sginnallyk7@bigcartel.com,CARD,4,1B;1,AX;1,AX;1,1308045B;1,,
2018-07-04,smacknockerk8@histats.com,CASH,2,1B;1,AX;1,,,,
2018-07-26,kmacconnechiek9@icq.com,CARD,3,AX;1,1A;2,AX;1,,,
2018-06-22,kklineka@cloudflare.com,CASH,4,AZ;2,1A;2,AX;1,AX;1,,
2018-09-26,cbazyletskb@tamu.edu,CARD,1,1A;2,,,,,
2018-04-16,rwescottkc@nature.com,CARD,3,1B;1,1308045B;1,AX;1,,,
2018-02-28,vsabatinikd@xing.com,CASH,3,1B;1,AZ;2,1A;2,,,
2018-12-12,gesomeke@psu.edu,CASH,1,1A;2,,,,,
2018-06-24,fturbefieldkf@cocolog-nifty.com,CARD,4,1308045B;1,1A;2,1B;1,1B;1,,
2018-03-13,aalvarokg@loc.gov,CARD,2,1B;1,1308045A;2,,,,
2018-01-30,csinnattkh@pagesperso-orange.fr,CASH,3,1A;2,1A;2,AX;1,,,
2018-06-15,felstubki@psu.edu,CARD,3,1B;1,AX;1,1308045A;2,,,
2018-03-06,ewardalekj@imdb.com,CASH,2,1A;2,AX;1,,,,
2018-02-07,cizatsonkk@howstuffworks.com,CASH,6,1308045B;1,1308045B;1,AX;1,AX;1,1B;1,AX;1
2018-11-14,mgatheralkl@weebly.com,CASH,2,1A;2,1B;1,,,,
2018-06-17,kalkinskm@gravatar.com,CARD,3,1308045B;1,1308045B;1,AZ;2,,,
2018-02-25,adodshonkn@yale.edu,CASH,6,AX;1,AZ;2,1B;1,1A;2,AZ;2,AX;1
2018-02-11,tchesnutko@loc.gov,CARD,6,AX;1,AZ;2,AX;1,1308045A;2,1B;1,AZ;2
2018-02-08,vjowlingkp@ebay.co.uk,CASH,4,1A;2,AX;1,AZ;2,1A;2,,
2018-05-19,amurtellkq@eventbrite.com,CASH,6,AX;1,1308045B;1,1308045B;1,1308045B;1,AX;1,1B;1
2018-10-29,edeloskr@feedburner.com,CARD,3,1B;1,1308045A;2,1308045A;2,,,
2018-05-21,ocaddenks@blogs.com,CASH,2,1B;1,1B;1,,,,
2018-02-24,sboottonkt@foxnews.com,CASH,4,AX;1,1B;1,1B;1,1308045B;1,,
2018-02-04,kfearnallku@guardian.co.uk,CARD,6,1B;1,1308045A;2,AZ;2,1B;1,1308045A;2,1B;1
2018-04-19,wbarthropkv@discovery.com,CASH,6,1A;2,AZ;2,1A;2,1308045A;2,AZ;2,1A;2
2018-11-11,wsiddellkw@berkeley.edu,CASH,3,AZ;2,1308045A;2,1308045A;2,,,
2018-08-13,smatterfacekx@amazon.de,CARD,4,1308045A;2,1308045A;2,1A;2,AZ;2,,
2018-10-17,cflisherky@myspace.com,CARD,4,1A;2,1A;2,AZ;2,1B;1,,
2018-09-14,gharriskz@army.mil,CASH,3,AX;1,1308045B;1,1308045B;1,,,
2018-06-05,klyttonl0@alexa.com,CASH,5,1308045B;1,1A;2,AZ;2,1308045A;2,AX;1,
2018-10-15,mborsayl1@netscape.com,CARD,1,1A;2,,,,,
2018-01-16,pthongerl2@weather.com,CARD,1,1A;2,,,,,
2018-11-16,zsimmonitel3@sfgate.com,CASH,3,AZ;2,1308045A;2,1A;2,,,
2018-12-11,skirckmanl4@toplist.cz,CARD,1,1A;2,,,,,
2018-11-08,dpetricl5@skyrock.com,CASH,1,1A;2,,,,,
2018-04-21,cloobyl6@house.gov,CASH,4,AZ;2,1B;1,1B;1,1308045A;2,,
2018-08-11,gteckl7@china.com.cn,CASH,2,1A;2,1A;2,,,,
2018-08-19,cdoagl8@gravatar.com,CARD,6,1B;1,1308045B;1,AZ;2,AX;1,AZ;2,1308045A;2
2018-06-26,joenel9@time.com,CARD,4,AX;1,AX;1,AX;1,1308045B;1,,
2018-06-26,gphebeela@deviantart.com,CASH,4,1B;1,1308045A;2,1308045B;1,1308045A;2,,
2018-08-06,lzwickerlb@weebly.com,CARD,6,1308045B;1,1B;1,1A;2,AZ;2,1A;2,1308045A;2
2018-04-20,skastinglc@bandcamp.com,CASH,3,1A;2,AZ;2,AZ;2,,,
2018-12-12,louldcottld@admin.ch,CASH,5,1A;2,AZ;2,AZ;2,AZ;2,AZ;2,
2017-12-18,chundeyle@about.me,CARD,2,1A;2,AX;1,,,,
2018-11-05,rjellicolf@joomla.org,CARD,4,1308045B;1,1308045A;2,AX;1,1308045B;1,,
2018-06-03,etomlinslg@twitter.com,CARD,4,AX;1,1308045B;1,1308045B;1,AZ;2,,
2018-02-22,sharbylh@scribd.com,CASH,1,1A;2,,,,,
2017-12-26,stutchellli@tumblr.com,CASH,4,AX;1,AZ;2,AX;1,AX;1,,
2018-10-28,dnewbornlj@weather.com,CASH,6,1308045A;2,1308045A;2,1308045B;1,AX;1,1308045A;2,1A;2
2018-11-07,stestrolk@mac.com,CASH,4,AX;1,AZ;2,AX;1,1308045A;2,,
2018-11-21,smalsherll@xrea.com,CASH,4,1B;1,1B;1,AX;1,1B;1,,
2018-03-18,sclouterlm@free.fr,CASH,4,1A;2,1308045B;1,1B;1,1B;1,,
2018-11-21,mberdaleln@sina.com.cn,CARD,3,1A;2,1A;2,AZ;2,,,
2018-06-29,smedwelllo@yale.edu,CASH,3,AZ;2,AZ;2,1A;2,,,
2018-05-04,rbeddowlp@last.fm,CASH,1,1A;2,,,,,
2018-05-23,bgavaranlq@ftc.gov,CARD,4,AX;1,1308045B;1,1308045B;1,1308045A;2,,
2018-05-26,otillardlr@ovh.net,CASH,3,1308045B;1,1B;1,1A;2,,,
2018-02-19,tlitchmorels@yale.edu,CARD,4,AX;1,1A;2,AX;1,AZ;2,,
2018-08-21,lgisbournlt@slideshare.net,CASH,6,1308045A;2,AZ;2,1308045A;2,1B;1,1308045A;2,1B;1
2018-08-01,jgribbenlu@economist.com,CARD,3,AX;1,1B;1,AZ;2,,,
2018-02-01,tbrandhamlv@china.com.cn,CARD,6,1308045A;2,1308045B;1,AX;1,AX;1,1308045B;1,AZ;2
2018-11-24,sbrightlw@who.int,CASH,3,AX;1,AX;1,1308045B;1,,,
2018-07-20,jdowninglx@psu.edu,CASH,6,AX;1,1308045B;1,AX;1,AZ;2,1A;2,AX;1
2018-06-01,apardily@gizmodo.com,CARD,6,1B;1,1B;1,1B;1,AZ;2,1A;2,1308045A;2
2017-12-21,dbrionlz@slideshare.net,CARD,6,1A;2,1308045B;1,AZ;2,1308045B;1,1A;2,1308045A;2
2018-08-17,ekelsowm0@tuttocitta.it,CASH,6,AX;1,1A;2,1A;2,AZ;2,AZ;2,1A;2
2018-06-23,eforseym1@virginia.edu,CASH,3,1B;1,1A;2,1308045A;2,,,
2018-01-02,jmckagm2@domainmarket.com,CASH,5,1308045A;2,1308045B;1,1A;2,AZ;2,AZ;2,
2018-06-16,kboothebiem3@parallels.com,CARD,5,1B;1,1B;1,AX;1,AX;1,AX;1,
2018-01-25,acanadasm4@adobe.com,CARD,5,AX;1,1B;1,1A;2,1308045A;2,1308045A;2,
2018-05-14,mforsdickem5@unicef.org,CASH,1,1A;2,,,,,
2018-02-10,whartlandm6@issuu.com,CASH,1,1A;2,,,,,
2018-08-25,ddemainem7@themeforest.net,CARD,4,AZ;2,1308045B;1,1308045A;2,1308045A;2,,
2018-02-13,fwoodsonm8@ow.ly,CASH,5,1B;1,1308045B;1,1A;2,1A;2,AZ;2,
2018-05-22,theinrichm9@github.com,CASH,2,1A;2,AZ;2,,,,
2018-05-29,sgallifontma@timesonline.co.uk,CARD,4,AX;1,1B;1,AZ;2,AX;1,,
2018-04-24,jbretonmb@bandcamp.com,CASH,1,1A;2,,,,,
2018-08-31,okieltymc@paginegialle.it,CARD,4,1308045B;1,1308045B;1,1A;2,AZ;2,,
2018-03-31,tlargenmd@netlog.com,CASH,5,1308045B;1,1B;1,1308045A;2,1308045A;2,AX;1,
2018-05-03,fswatridgeme@adobe.com,CARD,1,1A;2,,,,,
2018-07-28,dmatchellmf@1688.com,CASH,1,1A;2,,,,,
2018-08-21,abernettimg@unesco.org,CASH,1,1A;2,,,,,
2018-02-03,mmalshermh@paypal.com,CARD,6,AX;1,AX;1,1B;1,1308045A;2,1308045B;1,1B;1
2018-03-22,wstrattonmi@jugem.jp,CARD,1,1A;2,,,,,
2018-09-29,mwickwarthmj@csmonitor.com,CARD,6,1A;2,AX;1,1B;1,1308045A;2,1308045A;2,1308045B;1
2018-02-09,ksommerscalesmk@smugmug.com,CASH,5,1308045B;1,1B;1,1A;2,AZ;2,1A;2,
2018-04-10,epinillaml@lycos.com,CASH,2,1B;1,1B;1,,,,
2018-07-18,wgogertymm@nsw.gov.au,CASH,5,AZ;2,AZ;2,1B;1,AX;1,1B;1,
2018-11-19,abrandenbergmn@dyndns.org,CASH,5,1A;2,1308045A;2,1A;2,AX;1,1308045B;1,
2018-06-28,ktitheringtonmo@gnu.org,CASH,3,1B;1,1308045A;2,1308045B;1,,,
2018-12-07,icruwysmp@google.ru,CASH,2,1A;2,1308045B;1,,,,
2018-03-04,aeltunemq@bizjournals.com,CASH,5,1A;2,1A;2,1A;2,1308045A;2,AZ;2,
2018-07-15,msemechikmr@irs.gov,CASH,4,1308045B;1,1A;2,1308045A;2,1B;1,,
2018-04-24,dcourtinms@cbslocal.com,CASH,2,1A;2,1308045B;1,,,,
2017-12-26,mstothardmt@vinaora.com,CARD,6,1308045A;2,1A;2,1308045B;1,1308045B;1,1B;1,1308045A;2
2018-04-13,mgoodallmu@google.com.hk,CARD,6,1A;2,1B;1,1B;1,1A;2,1308045A;2,AX;1
2018-03-06,ddemorenamv@umn.edu,CASH,6,AX;1,AZ;2,AZ;2,1A;2,1308045B;1,1A;2
2018-08-08,ckeeltaghmw@wisc.edu,CASH,1,1A;2,,,,,
2018-05-10,dsoanemx@jiathis.com,CARD,6,1308045B;1,1308045B;1,1308045A;2,1B;1,AX;1,1308045A;2
2018-05-01,sfancemy@pen.io,CASH,3,1A;2,1A;2,1A;2,,,
2018-01-11,abreammz@livejournal.com,CARD,3,1308045A;2,1308045B;1,1308045A;2,,,
2017-12-26,ssarfatn0@yolasite.com,CASH,1,1A;2,,,,,
2018-01-16,kmartindalen1@sciencedirect.com,CASH,1,1A;2,,,,,
2018-03-03,jdreghornn2@archive.org,CASH,5,AX;1,AX;1,1308045A;2,1B;1,1B;1,
2018-09-06,ecolesonn3@addtoany.com,CASH,1,1A;2,,,,,
2018-10-08,ecrayn4@home.pl,CASH,4,1B;1,1B;1,1308045A;2,1308045A;2,,
2018-10-06,gcribbottn5@slideshare.net,CASH,2,1A;2,1B;1,,,,
2018-06-22,fsapenan6@barnesandnoble.com,CARD,5,AZ;2,1B;1,AX;1,1308045B;1,1308045B;1,
2018-12-15,cburberryn7@imageshack.us,CASH,6,AX;1,1A;2,1B;1,AX;1,AZ;2,1B;1
2018-08-25,dmacquiren8@nasa.gov,CASH,2,1A;2,1B;1,,,,
2018-11-28,whainingn9@domainmarket.com,CARD,2,1A;2,1308045B;1,,,,
2018-03-14,gkauffmanna@abc.net.au,CARD,1,1A;2,,,,,
2018-03-04,clindegardnb@nsw.gov.au,CASH,3,1B;1,1308045B;1,AZ;2,,,
2018-09-12,hcleefnc@msn.com,CASH,4,1B;1,1308045A;2,1B;1,1308045B;1,,
2018-01-18,fpanniersnd@diigo.com,CASH,3,AZ;2,1308045A;2,1A;2,,,
2018-02-01,pdoyleyne@unesco.org,CASH,4,AZ;2,AZ;2,1308045A;2,AZ;2,,
2018-05-23,mlamperdnf@infoseek.co.jp,CARD,2,1A;2,1B;1,,,,
2018-03-27,pmcdiarmidng@livejournal.com,CASH,1,1A;2,,,,,
2018-04-20,djanicnh@blogs.com,CARD,5,AX;1,1B;1,1308045A;2,1A;2,AX;1,
2018-03-23,cjochenni@mashable.com,CASH,6,1308045A;2,1308045A;2,AZ;2,1308045B;1,1A;2,AX;1
2018-06-18,rpennoninj@geocities.com,CARD,3,1A;2,1308045A;2,1308045A;2,,,
2018-05-15,aranglenk@wsj.com,CASH,2,1B;1,1308045A;2,,,,
2018-06-02,zdaoutnl@usa.gov,CASH,5,1308045A;2,1308045B;1,1A;2,AZ;2,1A;2,
2018-06-27,bespinozanm@ucoz.ru,CASH,1,1A;2,,,,,
2018-08-30,edavideknn@1688.com,CARD,1,1A;2,,,,,
2018-03-14,hpostanceno@angelfire.com,CASH,6,AX;1,1308045A;2,1308045B;1,1308045B;1,1A;2,1B;1
2017-12-20,bcockshootnp@blogtalkradio.com,CARD,6,1B;1,AZ;2,AX;1,1B;1,AX;1,AX;1
2018-11-04,fgitthousenq@symantec.com,CARD,1,1A;2,,,,,
2018-11-22,croafnr@wufoo.com,CASH,3,1A;2,1B;1,AZ;2,,,
2018-03-26,lshalens@ihg.com,CASH,6,1B;1,AZ;2,1308045A;2,1308045A;2,1B;1,1308045B;1
2018-09-01,nhariotnt@kickstarter.com,CASH,5,1A;2,1308045A;2,1308045B;1,1308045B;1,1308045A;2,
2018-04-30,snoarnu@squarespace.com,CARD,3,AX;1,1B;1,AZ;2,,,
2018-04-04,rfootnv@wufoo.com,CARD,4,1308045B;1,1B;1,AX;1,AX;1,,
2018-11-09,nblachfordnw@usatoday.com,CARD,2,1A;2,1A;2,,,,
2018-03-23,mpriggnx@list-manage.com,CARD,4,1B;1,AZ;2,1308045A;2,1A;2,,
2018-11-27,slynaghny@t.co,CASH,4,1B;1,1308045A;2,1B;1,1B;1,,
2018-04-12,zrenaultnz@ebay.com,CASH,6,AX;1,AZ;2,1B;1,1308045A;2,AX;1,1A;2
2018-10-02,lcomettoo0@unc.edu,CASH,1,1A;2,,,,,
2018-10-24,dguilfordo1@xinhuanet.com,CARD,5,1308045A;2,AZ;2,1B;1,1B;1,AZ;2,
2018-08-16,hghirono2@businesswire.com,CASH,6,1A;2,1308045B;1,AZ;2,1308045B;1,1B;1,AZ;2
2018-05-14,ksavillo3@instagram.com,CARD,1,1A;2,,,,,
2018-10-07,cdodleo4@examiner.com,CARD,2,1A;2,AZ;2,,,,
2018-03-07,dbowheyo5@washington.edu,CARD,6,AZ;2,AX;1,1B;1,AZ;2,AZ;2,1A;2
2018-02-03,abraunleino6@earthlink.net,CASH,5,1B;1,1308045B;1,1308045B;1,1B;1,1B;1,
2018-07-01,ldewhirsto7@chron.com,CASH,3,1B;1,AX;1,AX;1,,,
2018-08-28,citzcovicho8@chronoengine.com,CARD,2,1A;2,1308045A;2,,,,
2018-12-07,thargreaveso9@netscape.com,CASH,1,1A;2,,,,,
2018-10-22,lhenrysoa@fastcompany.com,CASH,5,AX;1,AZ;2,1308045B;1,1308045A;2,AX;1,
2017-12-26,mmcmanamonob@zdnet.com,CASH,5,1A;2,AZ;2,AZ;2,1B;1,1308045A;2,
2018-02-16,hmapstoneoc@spiegel.de,CASH,3,1B;1,1308045A;2,1308045A;2,,,
2017-12-26,mdrustod@t.co,CARD,2,1B;1,1308045A;2,,,,
2018-09-01,trodieoe@japanpost.jp,CARD,2,1A;2,AZ;2,,,,
2018-09-17,qquarrieof@biglobe.ne.jp,CASH,5,1A;2,1308045B;1,1308045B;1,AZ;2,AX;1,
2018-08-02,ghawkeog@tinyurl.com,CARD,4,1A;2,1A;2,AX;1,AZ;2,,
2018-07-23,jpelosoh@eventbrite.com,CARD,1,1A;2,,,,,
2018-04-26,kgotteroi@imageshack.us,CASH,3,1B;1,1308045A;2,1B;1,,,
2018-06-06,cpriceoj@booking.com,CARD,3,1308045A;2,1308045A;2,AZ;2,,,
2018-02-03,bfelderok@cornell.edu,CARD,5,1B;1,1308045A;2,AX;1,1B;1,AX;1,
2018-03-25,mgitshamol@linkedin.com,CASH,6,1308045B;1,1308045A;2,1308045B;1,1A;2,1A;2,AX;1
2018-02-28,gmichelmoreom@imgur.com,CARD,3,AX;1,AX;1,1A;2,,,
2018-08-12,rofearguiseon@ycombinator.com,CASH,5,1A;2,AZ;2,AX;1,AX;1,AZ;2,
2018-06-16,tgrevilleoo@thetimes.co.uk,CASH,6,1308045A;2,1308045B;1,AZ;2,1308045A;2,1308045A;2,AZ;2
2018-02-06,kpenburtonop@narod.ru,CASH,1,1A;2,,,,,
2018-11-20,cmaldinoq@surveymonkey.com,CASH,6,1A;2,1B;1,1308045A;2,1308045A;2,1308045B;1,AX;1
2018-10-02,tjirousekor@nsw.gov.au,CASH,6,1308045B;1,1308045A;2,AZ;2,AX;1,AX;1,AZ;2
2018-02-24,jbaldios@soundcloud.com,CARD,1,1A;2,,,,,
2018-11-02,esomerledot@cbc.ca,CARD,1,1A;2,,,,,
2018-09-27,dramplingou@vk.com,CARD,3,1308045B;1,1B;1,1B;1,,,
2018-05-04,jlunnov@pcworld.com,CARD,6,1B;1,1B;1,AX;1,1B;1,AX;1,1B;1
2018-12-14,lpaskeow@eepurl.com,CASH,6,1308045A;2,1A;2,1B;1,1308045B;1,AX;1,1308045B;1
2018-03-21,mlydallox@dropbox.com,CASH,4,1A;2,1B;1,AZ;2,1B;1,,
2018-05-10,ncyseleyoy@sohu.com,CASH,6,1308045B;1,AZ;2,1B;1,1B;1,AX;1,1B;1
2018-12-08,tfarlamboz@apache.org,CARD,2,1B;1,1308045B;1,,,,
2018-04-30,hzoephelp0@hostgator.com,CARD,3,AX;1,AX;1,1308045A;2,,,
2017-12-29,aleakp1@sitemeter.com,CARD,6,1B;1,1B;1,1308045A;2,1308045B;1,1308045B;1,1B;1
2018-06-06,dcollissonp2@rakuten.co.jp,CASH,6,AZ;2,AZ;2,1A;2,AX;1,1308045A;2,1A;2
2018-03-23,bmcenteep3@friendfeed.com,CARD,2,1B;1,1A;2,,,,
2017-12-20,rowersp4@uol.com.br,CASH,5,1A;2,AX;1,1A;2,1308045B;1,1A;2,
2017-12-17,nmausp5@livejournal.com,CASH,5,1308045B;1,1B;1,AX;1,AX;1,1308045A;2,
2018-12-14,edorbonp6@wikia.com,CARD,3,1B;1,1308045B;1,1B;1,,,
2018-11-19,knegrip7@bravesites.com,CARD,4,1308045B;1,1308045B;1,AZ;2,AX;1,,
2018-10-05,abesnardp8@1und1.de,CASH,1,1A;2,,,,,
2018-11-06,sgirdwoodp9@sohu.com,CASH,2,1B;1,1B;1,,,,
2018-01-13,ihonackpa@nbcnews.com,CASH,6,1B;1,1B;1,1A;2,AX;1,1308045B;1,1308045A;2
2018-04-19,gkrausspb@imageshack.us,CARD,4,1A;2,AZ;2,AX;1,1308045B;1,,
2018-02-13,kalcidopc@japanpost.jp,CASH,5,1308045A;2,AZ;2,1A;2,AX;1,AX;1,
2018-01-04,nshimminpd@ed.gov,CARD,5,1308045B;1,1A;2,1B;1,1308045A;2,1308045A;2,
2018-03-15,gmirandope@mediafire.com,CASH,5,AX;1,1308045A;2,1308045B;1,1A;2,1A;2,
2018-08-09,vsijmonspf@purevolume.com,CARD,1,1A;2,,,,,
2018-09-20,ccreeberpg@vinaora.com,CASH,4,AX;1,1308045A;2,AX;1,1308045A;2,,
2018-01-25,apetzph@msn.com,CASH,2,1B;1,1308045A;2,,,,
2018-04-09,cbenningtonpi@buzzfeed.com,CARD,2,1B;1,1B;1,,,,
2018-02-12,lwardroppj@netvibes.com,CARD,2,1B;1,AZ;2,,,,
2018-02-20,aspellingpk@qq.com,CASH,1,1A;2,,,,,
2018-05-21,kvinespl@google.com.hk,CASH,5,1308045B;1,1308045B;1,1308045B;1,1A;2,AX;1,
2018-08-26,gbelchampm@arizona.edu,CASH,4,1B;1,1A;2,1B;1,1308045B;1,,
2018-01-20,lgrishinpn@comsenz.com,CARD,1,1A;2,,,,,
2018-04-25,hbeiderbeckepo@bluehost.com,CASH,6,1308045B;1,1308045B;1,1308045A;2,1308045B;1,1308045B;1,1A;2
2017-12-26,sannearpp@buzzfeed.com,CASH,6,AZ;2,1308045B;1,1A;2,1A;2,1B;1,1A;2
2018-09-25,wkinavanpq@reference.com,CARD,3,1B;1,1B;1,1308045B;1,,,
2018-02-19,cgeogheganpr@ehow.com,CARD,6,AZ;2,AZ;2,1308045A;2,1308045A;2,1308045B;1,1308045A;2
2018-04-05,cpiollips@goo.ne.jp,CASH,3,AZ;2,1A;2,AZ;2,,,
2018-05-23,ccadypt@taobao.com,CASH,4,1308045B;1,1B;1,AX;1,1308045A;2,,
2018-04-05,hdomelpu@census.gov,CASH,6,AX;1,1308045B;1,1308045B;1,1308045B;1,1A;2,1B;1
2018-02-25,bmcgaugheypv@pbs.org,CASH,6,1A;2,AZ;2,1B;1,1308045A;2,AZ;2,1B;1
2018-02-02,cbaresspw@flavors.me,CASH,5,1A;2,1A;2,1308045A;2,AX;1,AX;1,
2018-04-07,rdunsfordpx@huffingtonpost.com,CARD,6,1308045B;1,AZ;2,1A;2,AZ;2,1B;1,AZ;2
2018-01-05,mstonhampy@artisteer.com,CASH,6,1308045A;2,1A;2,1A;2,AZ;2,AX;1,AX;1
2018-02-16,cgoodfellowpz@ox.ac.uk,CARD,2,1A;2,1A;2,,,,
2018-12-04,candreolliq0@eventbrite.com,CARD,1,1A;2,,,,,
2018-11-05,credfieldq1@mozilla.com,CASH,4,1B;1,AZ;2,1308045A;2,AZ;2,,
2018-08-23,rreinhartq2@usgs.gov,CASH,6,1308045B;1,1B;1,AX;1,1308045A;2,1B;1,1308045A;2
2018-09-10,cgeraudq3@shinystat.com,CARD,5,1A;2,1308045B;1,1308045B;1,1A;2,1B;1,
2018-09-18,ffeakinsq4@ask.com,CARD,4,AX;1,AZ;2,1A;2,1A;2,,
2018-05-05,cpattiniq5@webs.com,CASH,6,AX;1,AX;1,1308045A;2,AX;1,1B;1,1A;2
2018-08-13,wdixsonq6@foxnews.com,CASH,2,1B;1,1B;1,,,,
2018-10-17,wkayeq7@cocolog-nifty.com,CARD,4,1B;1,1308045B;1,AX;1,1308045A;2,,
2018-01-12,ccoomq8@alexa.com,CASH,3,1308045B;1,1B;1,1B;1,,,
2018-10-25,rbrookshawq9@imgur.com,CASH,6,1308045A;2,AX;1,1308045A;2,AX;1,AX;1,1308045B;1
2018-10-31,bpechacekqa@microsoft.com,CARD,4,AX;1,AX;1,AZ;2,AX;1,,
2018-07-22,ogomezqb@blinklist.com,CARD,1,1A;2,,,,,
2018-02-18,sjobkeqc@soundcloud.com,CARD,6,AZ;2,AX;1,AZ;2,AZ;2,AZ;2,1308045A;2
2018-09-18,gbarzqd@plala.or.jp,CASH,3,AZ;2,1A;2,AX;1,,,
2018-08-18,msheehanqe@weibo.com,CARD,5,1B;1,AX;1,1308045A;2,1B;1,1308045A;2,
2018-09-29,ocrossgroveqf@adobe.com,CARD,6,1308045B;1,1B;1,AX;1,AZ;2,1308045B;1,1B;1
2018-05-23,ncussqg@msn.com,CARD,2,1B;1,1A;2,,,,
2018-07-04,nkilfeatherqh@pcworld.com,CARD,3,1A;2,1308045B;1,1308045A;2,,,
2017-12-30,mbarstowkqi@rakuten.co.jp,CARD,3,1308045B;1,1308045A;2,1308045A;2,,,
2018-03-03,tclinnickqj@tripadvisor.com,CASH,5,1A;2,AZ;2,AZ;2,AZ;2,1308045B;1,
2018-03-19,wlungqk@mail.ru,CASH,6,1308045A;2,1308045A;2,1308045A;2,AZ;2,1A;2,1308045B;1
2018-06-16,knorthcottql@sakura.ne.jp,CARD,6,1308045B;1,AZ;2,AX;1,1B;1,1A;2,AZ;2
2018-08-04,rcatonnetqm@xing.com,CASH,4,1B;1,1308045A;2,1308045A;2,1A;2,,
2018-06-16,jsimonaitisqn@com.com,CARD,1,1A;2,,,,,
2018-05-13,lsheepyqo@psu.edu,CARD,6,AZ;2,AX;1,1B;1,AZ;2,1B;1,1308045B;1
2018-07-06,kpurseqp@bigcartel.com,CARD,5,1308045B;1,AZ;2,1A;2,AX;1,1308045A;2,
2018-06-20,cjobbingqq@walmart.com,CARD,6,1B;1,AZ;2,1B;1,AZ;2,AX;1,AZ;2
2018-01-31,osaxelbyqr@example.com,CARD,3,AX;1,1308045B;1,AX;1,,,
2018-01-07,mtimmisqs@themeforest.net,CASH,1,1A;2,,,,,
2018-02-20,rdockseyqt@toplist.cz,CASH,4,AX;1,AZ;2,AZ;2,1308045B;1,,
2018-02-11,dcleftqu@plala.or.jp,CARD,5,1A;2,1308045B;1,1A;2,1308045B;1,1A;2,
2018-11-14,scrutchleyqv@wired.com,CASH,4,1A;2,AZ;2,1308045B;1,1B;1,,
2018-04-11,sewartqw@mashable.com,CASH,2,1A;2,1A;2,,,,
2018-06-16,lwhitfordqx@com.com,CARD,4,AZ;2,1308045B;1,1A;2,AX;1,,
2018-07-15,spalleyqy@ocn.ne.jp,CASH,3,1308045B;1,AX;1,1308045B;1,,,
2018-06-21,tveelersqz@patch.com,CASH,1,1A;2,,,,,
2018-04-06,egrosierr0@studiopress.com,CASH,2,1B;1,1B;1,,,,
2018-11-06,migor1@hud.gov,CARD,2,1B;1,1308045A;2,,,,
2018-09-28,ablewmenr2@wordpress.org,CARD,5,1B;1,AX;1,1308045A;2,AZ;2,1308045B;1,
2018-03-02,klaminmanr3@twitter.com,CASH,2,1B;1,1B;1,,,,
2018-08-27,hsullerr4@hatena.ne.jp,CASH,3,AX;1,1308045B;1,AZ;2,,,
2018-05-10,dcleifer5@people.com.cn,CARD,5,1B;1,1308045B;1,1308045B;1,1A;2,AZ;2,
2018-04-10,cgarronr6@nymag.com,CARD,6,AX;1,1308045B;1,1B;1,AZ;2,AZ;2,1308045B;1
2018-01-26,tarnaur7@pcworld.com,CARD,1,1A;2,,,,,
2018-04-03,ykasbyer8@sfgate.com,CASH,1,1A;2,,,,,
2018-04-06,jsheasbyr9@goo.ne.jp,CARD,1,1A;2,,,,,
2018-03-04,igisckenra@webeden.co.uk,CARD,2,1B;1,1A;2,,,,
2018-06-30,rallwellrb@yahoo.co.jp,CARD,5,AZ;2,1308045B;1,1308045B;1,AZ;2,1A;2,
2018-02-11,hpurrierrc@nps.gov,CASH,2,1B;1,AX;1,,,,
2018-02-15,adanard@csmonitor.com,CASH,2,1A;2,1308045B;1,,,,
2018-08-08,mfrantzenire@goo.ne.jp,CASH,5,AX;1,1308045A;2,1A;2,1A;2,1B;1,
2018-01-24,nbalduccirf@dropbox.com,CASH,3,1308045A;2,1308045A;2,1308045B;1,,,
2018-01-13,tmacewanrg@acquirethisname.com,CARD,1,1A;2,,,,,
2018-07-16,crembrandtrh@creativecommons.org,CARD,4,1A;2,1B;1,AX;1,1308045A;2,,
2018-12-05,lgoodhallri@mayoclinic.com,CASH,4,1308045B;1,1308045B;1,1B;1,1B;1,,
2018-09-25,rfairclothrj@oaic.gov.au,CASH,4,1308045B;1,1308045B;1,AZ;2,AZ;2,,
2018-11-07,cleahairrk@fotki.com,CARD,6,1B;1,1308045B;1,1308045B;1,1308045A;2,AX;1,AX;1
2017-12-30,pstrangwoodrl@sphinn.com,CARD,1,1A;2,,,,,
2018-10-13,mpeasegoodrm@harvard.edu,CASH,6,1B;1,1308045B;1,1A;2,1B;1,1B;1,AX;1
2018-12-06,rsutlieffrn@webs.com,CARD,6,AX;1,1B;1,1308045B;1,1A;2,1B;1,AZ;2
2018-07-14,mdearnlyro@gnu.org,CARD,4,1308045B;1,1308045B;1,1308045B;1,1A;2,,
2018-09-22,ashaderp@usnews.com,CARD,1,1A;2,,,,,
2018-03-26,htrenchardrq@desdev.cn,CASH,1,1A;2,,,,,
2018-09-16,lvockingsrr@harvard.edu,CASH,6,1A;2,1B;1,1308045A;2,1308045A;2,AZ;2,1B;1
